"SLC4A1","ensg00000004939","Sun Aug 09 14:11:12 2020"
"PGLYRP1","ensg00000008438","Sun Aug 09 14:11:16 2020"
"LTF","ensg00000012223","Sun Aug 09 14:11:16 2020"
"RAP1GAP","ensg00000076864","Sun Aug 09 14:11:17 2020"
"GCKR","ensg00000084734","Sun Aug 09 14:11:19 2020"
"OLFM4","ensg00000102837","Sun Aug 09 14:11:06 2020"
"WFDC1","ensg00000103175","Sun Aug 09 14:11:10 2020"
"KLC3","ensg00000104892","Sun Aug 09 14:11:09 2020"
"GHRHR","ensg00000106128","Sun Aug 09 14:11:06 2020"
"DKK1","ensg00000107984","Sun Aug 09 14:11:11 2020"
"CPE","ensg00000109472","Sun Aug 09 14:11:06 2020"
"RHAG","ensg00000112077","Sun Aug 09 14:11:15 2020"
"SLC8A2","ensg00000118160","Sun Aug 09 14:11:07 2020"
"NPPB","ensg00000120937","Sun Aug 09 14:10:58 2020"
"CEACAM8","ensg00000124469","Sun Aug 09 14:11:13 2020"
"CA1","ensg00000133742","Sun Aug 09 14:11:20 2020"
"CYP19A1","ensg00000137869","Sun Aug 09 14:11:07 2020"
"SELENBP1","ensg00000143416","Sun Aug 09 14:11:16 2020"
"TIMP4","ensg00000157150","Sun Aug 09 14:11:13 2020"
"ALAS2","ensg00000158578","Sun Aug 09 14:11:18 2020"
"LRRC38","ensg00000162494","Sun Aug 09 14:11:01 2020"
"PCOLCE2","ensg00000163710","Sun Aug 09 14:11:05 2020"
"DEFA4","ensg00000164821","Sun Aug 09 14:11:13 2020"
"EPB42","ensg00000166947","Sun Aug 09 14:11:15 2020"
"AHSP","ensg00000169877","Sun Aug 09 14:11:17 2020"
"GYPA","ensg00000170180","Sun Aug 09 14:11:21 2020"
"METTL7B","ensg00000170439","Sun Aug 09 14:11:11 2020"
"SLC6A19","ensg00000174358","Sun Aug 09 14:11:21 2020"
"HBA2","ensg00000188536","Sun Aug 09 14:11:22 2020"
"CTSE","ensg00000196188","Sun Aug 09 14:11:12 2020"
"PRTN3","ensg00000196415","Sun Aug 09 14:11:14 2020"
"HBG2","ensg00000196565","Sun Aug 09 14:11:14 2020"
"RNU6-828P","ensg00000201746","Sun Aug 09 14:10:56 2020"
"ENSG00000202461","ensg00000202461","Sun Aug 09 14:10:59 2020"
"TNFRSF8","ensg00000202461","Sun Aug 09 14:10:59 2020"
"PLOD1","ensg00000202461","Sun Aug 09 14:10:59 2020"
"UBIAD1","ensg00000202461","Sun Aug 09 14:10:59 2020"
"MIIP","ensg00000202461","Sun Aug 09 14:10:59 2020"
"KIAA2013","ensg00000202461","Sun Aug 09 14:10:59 2020"
"NPPA-AS1","ensg00000202461","Sun Aug 09 14:10:59 2020"
"LINC01647","ensg00000202461","Sun Aug 09 14:10:59 2020"
"RNU6-777P","ensg00000202461","Sun Aug 09 14:10:59 2020"
"RPL23AP89","ensg00000202461","Sun Aug 09 14:10:59 2020"
"piR-60051-001","ensg00000202461","Sun Aug 09 14:10:59 2020"
"IFIT1B","ensg00000204010","Sun Aug 09 14:11:18 2020"
"OR6C68","ensg00000205327","Sun Aug 09 14:11:08 2020"
"HBM","ensg00000206177","Sun Aug 09 14:11:20 2020"
"IGLV5-37","ensg00000211654","Sun Aug 09 14:11:09 2020"
"IGLV3-22","ensg00000211661","Sun Aug 09 14:11:12 2020"
"IGHV3-20","ensg00000211946","Sun Aug 09 14:11:11 2020"
"MFFP1","ensg00000215720","Sun Aug 09 14:11:01 2020"
"MMP23A","ensg00000215914","Sun Aug 09 14:10:47 2020"
"HBD","ensg00000223609","Sun Aug 09 14:11:19 2020"
"RPL7P7","ensg00000224315","Sun Aug 09 14:10:54 2020"
"RPL12P14","ensg00000224321","Sun Aug 09 14:11:02 2020"
"ENSG00000224969","ensg00000224969","Sun Aug 09 14:10:46 2020"
"ISG15","ensg00000224969","Sun Aug 09 14:10:46 2020"
"AGRN","ensg00000224969","Sun Aug 09 14:10:46 2020"
"ATAD3B","ensg00000224969","Sun Aug 09 14:10:46 2020"
"CCNL2","ensg00000224969","Sun Aug 09 14:10:46 2020"
"ENSG00000272512","ensg00000224969","Sun Aug 09 14:10:46 2020"
"piR-33422-001","ensg00000224969","Sun Aug 09 14:10:46 2020"
"piR-47514","ensg00000224969","Sun Aug 09 14:10:46 2020"
"RF00017-001","ensg00000224969","Sun Aug 09 14:10:46 2020"
"TMEM233","ensg00000224982","Sun Aug 09 14:11:04 2020"
"MTOR-AS1","ensg00000225602","Sun Aug 09 14:10:57 2020"
"ENSG00000227169","ensg00000227169","Sun Aug 09 14:10:48 2020"
"SOX21-AS1","ensg00000227640","Sun Aug 09 14:11:08 2020"
"RPL23AP89","ensg00000227875","Sun Aug 09 14:10:59 2020"
"RPL37P9","ensg00000227950","Sun Aug 09 14:10:51 2020"
"LINC01672","ensg00000228750","Sun Aug 09 14:10:50 2020"
"LOC100129776","ensg00000229305","Sun Aug 09 14:10:53 2020"
"CICP3","ensg00000229376","Sun Aug 09 14:10:44 2020"
"ENSG00000231353","ensg00000231353","Sun Aug 09 14:11:03 2020"
"ZBTB17","ensg00000231353","Sun Aug 09 14:11:03 2020"
"CLCNKA","ensg00000231353","Sun Aug 09 14:11:03 2020"
"HSPB7","ensg00000231353","Sun Aug 09 14:11:03 2020"
"SRARP","ensg00000231353","Sun Aug 09 14:11:03 2020"
"ENSG00000233078","ensg00000231353","Sun Aug 09 14:11:03 2020"
"lnc-SRARP-3","ensg00000231353","Sun Aug 09 14:11:03 2020"
"RF00017-078","ensg00000231353","Sun Aug 09 14:11:03 2020"
"PLEKHM2","ensg00000231353","Sun Aug 09 14:11:03 2020"
"ARHGEF19-AS1","ensg00000231353","Sun Aug 09 14:11:03 2020"
"ENSG00000231868","ensg00000231868","Sun Aug 09 14:10:49 2020"
"TNFRSF25","ensg00000231868","Sun Aug 09 14:10:49 2020"
"ESPN","ensg00000231868","Sun Aug 09 14:10:49 2020"
"MIR4252","ensg00000231868","Sun Aug 09 14:10:49 2020"
"ACOT7","ensg00000231868","Sun Aug 09 14:10:49 2020"
"lnc-PLEKHG5-2","ensg00000231868","Sun Aug 09 14:10:49 2020"
"RPL22","ensg00000231868","Sun Aug 09 14:10:49 2020"
"RNF207","ensg00000231868","Sun Aug 09 14:10:49 2020"
"RNF207-AS1","ensg00000231868","Sun Aug 09 14:10:49 2020"
"PLEKHG5","ensg00000231868","Sun Aug 09 14:10:49 2020"
"ZBTB48","ensg00000231868","Sun Aug 09 14:10:49 2020"
"NOL9","ensg00000231868","Sun Aug 09 14:10:49 2020"
"PHF13","ensg00000231868","Sun Aug 09 14:10:49 2020"
"ENSG00000232663","ensg00000232663","Sun Aug 09 14:10:55 2020"
"ENO1","ensg00000232663","Sun Aug 09 14:10:55 2020"
"CA6","ensg00000232663","Sun Aug 09 14:10:55 2020"
"LOC112268261","ensg00000232663","Sun Aug 09 14:10:55 2020"
"RNU6-304P","ensg00000232663","Sun Aug 09 14:10:55 2020"
"ENSG00000232208","ensg00000232663","Sun Aug 09 14:10:55 2020"
"lnc-ENO1-1","ensg00000232663","Sun Aug 09 14:10:55 2020"
"piR-49732-003","ensg00000232663","Sun Aug 09 14:10:55 2020"
"piR-54764-002","ensg00000232663","Sun Aug 09 14:10:55 2020"
"piR-45471-003","ensg00000232663","Sun Aug 09 14:10:55 2020"
"piR-53431-007","ensg00000232663","Sun Aug 09 14:10:55 2020"
"piR-55627-001","ensg00000232663","Sun Aug 09 14:10:55 2020"
"piR-31162-003","ensg00000232663","Sun Aug 09 14:10:55 2020"
"piR-31432-005","ensg00000232663","Sun Aug 09 14:10:55 2020"
"ENSG00000233268","ensg00000233268","Sun Aug 09 14:10:56 2020"
"PIK3CD","ensg00000233268","Sun Aug 09 14:10:56 2020"
"CTNNBIP1","ensg00000233268","Sun Aug 09 14:10:56 2020"
"CLSTN1","ensg00000233268","Sun Aug 09 14:10:56 2020"
"lnc-CLSTN1-6","ensg00000233268","Sun Aug 09 14:10:56 2020"
"RF00017-046","ensg00000233268","Sun Aug 09 14:10:56 2020"
"ENSG00000223989","ensg00000233268","Sun Aug 09 14:10:56 2020"
"RPL26P7","ensg00000233268","Sun Aug 09 14:10:56 2020"
"PIK3CD-AS2","ensg00000233268","Sun Aug 09 14:10:56 2020"
"lnc-TMEM201-2","ensg00000233268","Sun Aug 09 14:10:56 2020"
"ENSG00000233645","ensg00000233645","Sun Aug 09 14:10:54 2020"
"ERRFI1","ensg00000233645","Sun Aug 09 14:10:54 2020"
"SLC45A1","ensg00000233645","Sun Aug 09 14:10:54 2020"
"RNU1-7P","ensg00000233645","Sun Aug 09 14:10:54 2020"
"ENSG00000238290","ensg00000233645","Sun Aug 09 14:10:54 2020"
"RF00003-002","ensg00000233645","Sun Aug 09 14:10:54 2020"
"LINC01714","ensg00000233645","Sun Aug 09 14:10:54 2020"
"RF00017-027","ensg00000233645","Sun Aug 09 14:10:54 2020"
"CICP27","ensg00000233750","Sun Aug 09 14:10:42 2020"
"ENSG00000237365","ensg00000237365","Sun Aug 09 14:10:51 2020"
"VAMP3","ensg00000237365","Sun Aug 09 14:10:51 2020"
"CAMTA1","ensg00000237365","Sun Aug 09 14:10:51 2020"
"piR-44759","ensg00000237365","Sun Aug 09 14:10:51 2020"
"RNU1-8P","ensg00000237365","Sun Aug 09 14:10:51 2020"
"RPL37P9","ensg00000237365","Sun Aug 09 14:10:51 2020"
"lnc-THAP3-3","ensg00000237365","Sun Aug 09 14:10:51 2020"
"CAMTA1-AS1","ensg00000237365","Sun Aug 09 14:10:51 2020"
"THAP3","ensg00000237365","Sun Aug 09 14:10:51 2020"
"CAMTA1-DT","ensg00000237365","Sun Aug 09 14:10:51 2020"
"LOC105376692","ensg00000237365","Sun Aug 09 14:10:51 2020"
"DNAJC11","ensg00000237365","Sun Aug 09 14:10:51 2020"
"NOL9","ensg00000237365","Sun Aug 09 14:10:51 2020"
"HSALNG0000558","ensg00000237365","Sun Aug 09 14:10:51 2020"
"NONHSAG000256.2","ensg00000237365","Sun Aug 09 14:10:51 2020"
"PHF13","ensg00000237365","Sun Aug 09 14:10:51 2020"
"LINC01714","ensg00000237365","Sun Aug 09 14:10:51 2020"
"lnc-THAP3-4","ensg00000237365","Sun Aug 09 14:10:51 2020"
"piR-32769-001","ensg00000237365","Sun Aug 09 14:10:51 2020"
"piR-31534-003","ensg00000237365","Sun Aug 09 14:10:51 2020"
"piR-48209-013","ensg00000237365","Sun Aug 09 14:10:51 2020"
"HSALNG0000557","ensg00000237365","Sun Aug 09 14:10:51 2020"
"lnc-DNAJC11-3","ensg00000237365","Sun Aug 09 14:10:51 2020"
"piR-45035-001","ensg00000237365","Sun Aug 09 14:10:51 2020"
"RF00017-024","ensg00000237365","Sun Aug 09 14:10:51 2020"
"SNORA59A","ensg00000239149","Sun Aug 09 14:11:00 2020"
"ENSG00000239906","ensg00000239906","Sun Aug 09 14:10:42 2020"
"ISG15","ensg00000239906","Sun Aug 09 14:10:42 2020"
"UBE2J2","ensg00000239906","Sun Aug 09 14:10:42 2020"
"MIB2","ensg00000239906","Sun Aug 09 14:10:42 2020"
"CDK11A","ensg00000239906","Sun Aug 09 14:10:42 2020"
"CDK11B","ensg00000239906","Sun Aug 09 14:10:42 2020"
"SDF4","ensg00000239906","Sun Aug 09 14:10:42 2020"
"NOC2L","ensg00000239906","Sun Aug 09 14:10:42 2020"
"ATAD3B","ensg00000239906","Sun Aug 09 14:10:42 2020"
"ACAP3","ensg00000239906","Sun Aug 09 14:10:42 2020"
"CCNL2","ensg00000239906","Sun Aug 09 14:10:42 2020"
"MXRA8","ensg00000239906","Sun Aug 09 14:10:42 2020"
"KLHL17","ensg00000239906","Sun Aug 09 14:10:42 2020"
"PUSL1","ensg00000239906","Sun Aug 09 14:10:42 2020"
"TMEM240","ensg00000239906","Sun Aug 09 14:10:42 2020"
"HES4","ensg00000239906","Sun Aug 09 14:10:42 2020"
"PLEKHN1","ensg00000239906","Sun Aug 09 14:10:42 2020"
"SLC35E2B","ensg00000239906","Sun Aug 09 14:10:42 2020"
"INTS11","ensg00000239906","Sun Aug 09 14:10:42 2020"
"PERM1","ensg00000239906","Sun Aug 09 14:10:42 2020"
"SLC35E2A","ensg00000239906","Sun Aug 09 14:10:42 2020"
"FAM87B","ensg00000239906","Sun Aug 09 14:10:42 2020"
"LINC00115","ensg00000239906","Sun Aug 09 14:10:42 2020"
"WASH7P","ensg00000239906","Sun Aug 09 14:10:42 2020"
"LINC01786","ensg00000239906","Sun Aug 09 14:10:42 2020"
"RN7SL614P","ensg00000243267","Sun Aug 09 14:10:57 2020"
"MIR1302-2HG","ensg00000243485","Sun Aug 09 14:10:42 2020"
"HBB","ensg00000244734","Sun Aug 09 14:11:07 2020"
"GYPB","ensg00000250361","Sun Aug 09 14:11:21 2020"
"CENPS-CORT","ensg00000251503","Sun Aug 09 14:10:57 2020"
"RNU6-731P","ensg00000253022","Sun Aug 09 14:10:50 2020"
"ENSG00000253085","ensg00000253085","Sun Aug 09 14:11:01 2020"
"PRDM2","ensg00000253085","Sun Aug 09 14:11:01 2020"
"KAZN","ensg00000253085","Sun Aug 09 14:11:01 2020"
"lnc-LRRC38-2","ensg00000253085","Sun Aug 09 14:11:01 2020"
"piR-39858-004","ensg00000253085","Sun Aug 09 14:11:01 2020"
"KR153194-003","ensg00000253085","Sun Aug 09 14:11:01 2020"
"RNU6-537P","ensg00000253086","Sun Aug 09 14:10:58 2020"
"LINC02395","ensg00000257771","Sun Aug 09 14:11:10 2020"
"ENSG00000258763","ensg00000258763","Sun Aug 09 14:11:05 2020"
"OR6C70","ensg00000258763","Sun Aug 09 14:11:05 2020"
"OR6C68","ensg00000258763","Sun Aug 09 14:11:05 2020"
"OR6C2","ensg00000258763","Sun Aug 09 14:11:05 2020"
"piR-55361-124","ensg00000258763","Sun Aug 09 14:11:05 2020"
"MMP19","ensg00000258763","Sun Aug 09 14:11:05 2020"
"MIP","ensg00000258763","Sun Aug 09 14:11:05 2020"
"APOF","ensg00000258763","Sun Aug 09 14:11:05 2020"
"OR6C4","ensg00000258763","Sun Aug 09 14:11:05 2020"
"OR10A7","ensg00000258763","Sun Aug 09 14:11:05 2020"
"ENSG00000257303","ensg00000258763","Sun Aug 09 14:11:05 2020"
"piR-48553-085","ensg00000258763","Sun Aug 09 14:11:05 2020"
"piR-56759-126","ensg00000258763","Sun Aug 09 14:11:05 2020"
"piR-56022-106","ensg00000258763","Sun Aug 09 14:11:05 2020"
"piR-39488-069","ensg00000258763","Sun Aug 09 14:11:05 2020"
"piR-49732-108","ensg00000258763","Sun Aug 09 14:11:05 2020"
"piR-43099-113","ensg00000258763","Sun Aug 09 14:11:05 2020"
"piR-60597-012","ensg00000258763","Sun Aug 09 14:11:05 2020"
"piR-36393-105","ensg00000258763","Sun Aug 09 14:11:05 2020"
"piR-55281-116","ensg00000258763","Sun Aug 09 14:11:05 2020"
"piR-54764-122","ensg00000258763","Sun Aug 09 14:11:05 2020"
"piR-31162-096","ensg00000258763","Sun Aug 09 14:11:05 2020"
"piR-61028-109","ensg00000258763","Sun Aug 09 14:11:05 2020"
"piR-55648-019","ensg00000258763","Sun Aug 09 14:11:05 2020"
"ENSG00000258921","ensg00000258921","Sun Aug 09 14:11:19 2020"
"METTL7B","ensg00000258921","Sun Aug 09 14:11:19 2020"
"OR10P1","ensg00000258921","Sun Aug 09 14:11:19 2020"
"BLOC1S1","ensg00000258921","Sun Aug 09 14:11:19 2020"
"OR10AE3P","ensg00000258921","Sun Aug 09 14:11:19 2020"
"MMP19","ensg00000258921","Sun Aug 09 14:11:19 2020"
"ITGA7","ensg00000258921","Sun Aug 09 14:11:19 2020"
"SMARCC2","ensg00000258921","Sun Aug 09 14:11:19 2020"
"RNF41","ensg00000258921","Sun Aug 09 14:11:19 2020"
"IKZF4","ensg00000258921","Sun Aug 09 14:11:19 2020"
"ZC3H10","ensg00000258921","Sun Aug 09 14:11:19 2020"
"ANKRD52","ensg00000258921","Sun Aug 09 14:11:19 2020"
"PHC1P1","ensg00000258921","Sun Aug 09 14:11:19 2020"
"ENSG00000257740","ensg00000258921","Sun Aug 09 14:11:19 2020"
"PSMB3P1","ensg00000258921","Sun Aug 09 14:11:19 2020"
"BAZ2A","ensg00000258921","Sun Aug 09 14:11:19 2020"
"IL23A","ensg00000258921","Sun Aug 09 14:11:19 2020"
"PAN2","ensg00000258921","Sun Aug 09 14:11:19 2020"
"ORMDL2","ensg00000258921","Sun Aug 09 14:11:19 2020"
"DNAJC14","ensg00000258921","Sun Aug 09 14:11:19 2020"
"PYM1","ensg00000258921","Sun Aug 09 14:11:19 2020"
"TMEM198B","ensg00000258921","Sun Aug 09 14:11:19 2020"
"piR-50308-120","ensg00000258921","Sun Aug 09 14:11:19 2020"
"piR-45471-116","ensg00000258921","Sun Aug 09 14:11:19 2020"
"piR-55654-098","ensg00000258921","Sun Aug 09 14:11:19 2020"
"MIR4632","ensg00000263676","Sun Aug 09 14:11:00 2020"
"RN7SL451P","ensg00000265141","Sun Aug 09 14:10:55 2020"
"RN7SL574P","ensg00000266075","Sun Aug 09 14:10:48 2020"
"ENSG00000269978","ensg00000269978","Sun Aug 09 14:10:52 2020"
"ENSG00000270035","ensg00000270035","Sun Aug 09 14:10:51 2020"
"PER3","ensg00000270035","Sun Aug 09 14:10:51 2020"
"VAMP3","ensg00000270035","Sun Aug 09 14:10:51 2020"
"ENSG00000270171","ensg00000270035","Sun Aug 09 14:10:51 2020"
"TNFRSF9","ensg00000270035","Sun Aug 09 14:10:51 2020"
"UTS2","ensg00000270035","Sun Aug 09 14:10:51 2020"
"CAMTA1","ensg00000270035","Sun Aug 09 14:10:51 2020"
"ENSG00000236266","ensg00000270035","Sun Aug 09 14:10:51 2020"
"FJ601661","ensg00000270035","Sun Aug 09 14:10:51 2020"
"ENSG00000269925","ensg00000270035","Sun Aug 09 14:10:51 2020"
"NONHSAG000273.2","ensg00000270035","Sun Aug 09 14:10:51 2020"
"LOC105376689","ensg00000270035","Sun Aug 09 14:10:51 2020"
"FJ601684-002","ensg00000270035","Sun Aug 09 14:10:51 2020"
"piR-32214-003","ensg00000270035","Sun Aug 09 14:10:51 2020"
"ENSG00000270330","ensg00000270330","Sun Aug 09 14:10:53 2020"
"TNFRSF9","ensg00000270330","Sun Aug 09 14:10:53 2020"
"UTS2","ensg00000270330","Sun Aug 09 14:10:53 2020"
"lnc-PARK7-3","ensg00000270330","Sun Aug 09 14:10:53 2020"
"lnc-PARK7-5","ensg00000270330","Sun Aug 09 14:10:53 2020"
"HG984093","ensg00000270330","Sun Aug 09 14:10:53 2020"
"TRUND-NNN4-1","ensg00000270330","Sun Aug 09 14:10:53 2020"
"piR-33123-001","ensg00000270330","Sun Aug 09 14:10:53 2020"
"ENSG00000270620","ensg00000270620","Sun Aug 09 14:11:03 2020"
"ZBTB17","ensg00000270620","Sun Aug 09 14:11:03 2020"
"SPEN","ensg00000270620","Sun Aug 09 14:11:03 2020"
"lnc-ZBTB17-3","ensg00000270620","Sun Aug 09 14:11:03 2020"
"CLCNKA","ensg00000270620","Sun Aug 09 14:11:03 2020"
"ENSG00000179743","ensg00000270620","Sun Aug 09 14:11:03 2020"
"piR-53082","ensg00000270620","Sun Aug 09 14:11:03 2020"
"CLCNKB","ensg00000270620","Sun Aug 09 14:11:03 2020"
"HSPB7","ensg00000270620","Sun Aug 09 14:11:03 2020"
"FBLIM1","ensg00000270620","Sun Aug 09 14:11:03 2020"
"SNODB479","ensg00000270620","Sun Aug 09 14:11:03 2020"
"SRARP","ensg00000270620","Sun Aug 09 14:11:03 2020"
"ARHGEF19-AS1","ensg00000270620","Sun Aug 09 14:11:03 2020"
"ENSG00000270914","ensg00000270914","Sun Aug 09 14:10:58 2020"
"MFN2","ensg00000270914","Sun Aug 09 14:10:58 2020"
"MIIP","ensg00000270914","Sun Aug 09 14:10:58 2020"
"MN308906","ensg00000270914","Sun Aug 09 14:10:58 2020"
"MTOR","ensg00000270914","Sun Aug 09 14:10:58 2020"
"EXOSC10","ensg00000270914","Sun Aug 09 14:10:58 2020"
"VPS13D","ensg00000270914","Sun Aug 09 14:10:58 2020"
"KIAA2013","ensg00000270914","Sun Aug 09 14:10:58 2020"
"ENSG00000271895","ensg00000270914","Sun Aug 09 14:10:58 2020"
"ENSG00000226849","ensg00000270914","Sun Aug 09 14:10:58 2020"
"ENSG00000271732","ensg00000271732","Sun Aug 09 14:11:03 2020"
"NBPF1","ensg00000271732","Sun Aug 09 14:11:03 2020"
"CROCC","ensg00000271732","Sun Aug 09 14:11:03 2020"
"SPEN","ensg00000271732","Sun Aug 09 14:11:03 2020"
"piR-40418-001","ensg00000271732","Sun Aug 09 14:11:03 2020"
"ZBTB17","ensg00000271732","Sun Aug 09 14:11:03 2020"
"CROCCP2","ensg00000271732","Sun Aug 09 14:11:03 2020"
"RPL22P3","ensg00000271732","Sun Aug 09 14:11:03 2020"
"LOC105376794","ensg00000271732","Sun Aug 09 14:11:03 2020"
"ARHGEF19","ensg00000271732","Sun Aug 09 14:11:03 2020"
"RPS16P1","ensg00000271732","Sun Aug 09 14:11:03 2020"
"ENSG00000237938","ensg00000271732","Sun Aug 09 14:11:03 2020"
"lnc-NBPF1-2","ensg00000271732","Sun Aug 09 14:11:03 2020"
"lnc-NBPF1-1","ensg00000271732","Sun Aug 09 14:11:03 2020"
"MFAP2","ensg00000271732","Sun Aug 09 14:11:03 2020"
"NECAP2","ensg00000271732","Sun Aug 09 14:11:03 2020"
"piR-50311-002","ensg00000271732","Sun Aug 09 14:11:03 2020"
"FBXO42","ensg00000271732","Sun Aug 09 14:11:03 2020"
"SZRD1","ensg00000271732","Sun Aug 09 14:11:03 2020"
"CROCCP3","ensg00000271732","Sun Aug 09 14:11:03 2020"
"LINC01772","ensg00000271732","Sun Aug 09 14:11:03 2020"
"ENSG00000226526","ensg00000271732","Sun Aug 09 14:11:03 2020"
"piR-37244","ensg00000271732","Sun Aug 09 14:11:03 2020"
"ENSG00000228549","ensg00000271732","Sun Aug 09 14:11:03 2020"
"piR-42350","ensg00000271732","Sun Aug 09 14:11:03 2020"
"ENSG00000272004","ensg00000272004","Sun Aug 09 14:10:47 2020"
"CDK11B","ensg00000272004","Sun Aug 09 14:10:47 2020"
"SLC35E2B","ensg00000272004","Sun Aug 09 14:10:47 2020"
"piR-34351","ensg00000272004","Sun Aug 09 14:10:47 2020"
"ENSG00000227775","ensg00000272004","Sun Aug 09 14:10:47 2020"
"MMP23B","ensg00000272004","Sun Aug 09 14:10:47 2020"
"SLC35E2A","ensg00000272004","Sun Aug 09 14:10:47 2020"
"piR-36349-001","ensg00000272004","Sun Aug 09 14:10:47 2020"
"ENSG00000272088","ensg00000272088","Sun Aug 09 14:10:48 2020"
"ARHGEF16","ensg00000272088","Sun Aug 09 14:10:48 2020"
"MEGF6","ensg00000272088","Sun Aug 09 14:10:48 2020"
"TP73","ensg00000272088","Sun Aug 09 14:10:48 2020"
"WRAP73","ensg00000272088","Sun Aug 09 14:10:48 2020"
"TPRG1L","ensg00000272088","Sun Aug 09 14:10:48 2020"
"ENSG00000238260","ensg00000272088","Sun Aug 09 14:10:48 2020"
"lnc-WRAP73-4","ensg00000272088","Sun Aug 09 14:10:48 2020"
"NONHSAG000188.2","ensg00000272088","Sun Aug 09 14:10:48 2020"
"AJAP1","ensg00000272088","Sun Aug 09 14:10:48 2020"
"C1orf174","ensg00000272088","Sun Aug 09 14:10:48 2020"
"lnc-DFFB-4","ensg00000272088","Sun Aug 09 14:10:48 2020"
"piR-41170","ensg00000272088","Sun Aug 09 14:10:48 2020"
"ENSG00000272438","ensg00000272438","Sun Aug 09 14:10:45 2020"
"SAMD11","ensg00000272438","Sun Aug 09 14:10:45 2020"
"OR4F16","ensg00000272438","Sun Aug 09 14:10:45 2020"
"ENSG00000230699","ensg00000272438","Sun Aug 09 14:10:45 2020"
"LOC284600","ensg00000272438","Sun Aug 09 14:10:45 2020"
"lnc-SAMD11-3","ensg00000272438","Sun Aug 09 14:10:45 2020"
"PERM1","ensg00000272438","Sun Aug 09 14:10:45 2020"
"ENSG00000241180","ensg00000272438","Sun Aug 09 14:10:45 2020"
"lnc-NOC2L-11","ensg00000272438","Sun Aug 09 14:10:45 2020"
"HSALNG0000047","ensg00000272438","Sun Aug 09 14:10:45 2020"
"ISG15","ensg00000272438","Sun Aug 09 14:10:45 2020"
"UBE2J2","ensg00000272438","Sun Aug 09 14:10:45 2020"
"CDK11A","ensg00000272438","Sun Aug 09 14:10:45 2020"
"CDK11B","ensg00000272438","Sun Aug 09 14:10:45 2020"
"SDF4","ensg00000272438","Sun Aug 09 14:10:45 2020"
"NOC2L","ensg00000272438","Sun Aug 09 14:10:45 2020"
"ATAD3B","ensg00000272438","Sun Aug 09 14:10:45 2020"
"CCNL2","ensg00000272438","Sun Aug 09 14:10:45 2020"
"KLHL17","ensg00000272438","Sun Aug 09 14:10:45 2020"
"PUSL1","ensg00000272438","Sun Aug 09 14:10:45 2020"
"HES4","ensg00000272438","Sun Aug 09 14:10:45 2020"
"INTS11","ensg00000272438","Sun Aug 09 14:10:45 2020"
"SLC35E2A","ensg00000272438","Sun Aug 09 14:10:45 2020"
"LINC00115","ensg00000272438","Sun Aug 09 14:10:45 2020"
"LINC02593","ensg00000272438","Sun Aug 09 14:10:45 2020"
"ENSG00000272510","ensg00000272510","Sun Aug 09 14:11:02 2020"
"AGMAT","ensg00000272510","Sun Aug 09 14:11:02 2020"
"DNAJC16","ensg00000272510","Sun Aug 09 14:11:02 2020"
"SCARNA21B","ensg00000272510","Sun Aug 09 14:11:02 2020"
"piR-32251","ensg00000272510","Sun Aug 09 14:11:02 2020"
"RSC1A1","ensg00000272510","Sun Aug 09 14:11:02 2020"
"piR-51879","ensg00000272510","Sun Aug 09 14:11:02 2020"
"MIR6728","ensg00000274258","Sun Aug 09 14:10:55 2020"
"ENSG00000277856","ensg00000277856","Sun Aug 09 14:11:10 2020"
"IGLL5","ensg00000277856","Sun Aug 09 14:11:10 2020"
"IGLL1","ensg00000277856","Sun Aug 09 14:11:10 2020"
"IGKC","ensg00000277856","Sun Aug 09 14:11:10 2020"
"IGHG1","ensg00000277856","Sun Aug 09 14:11:10 2020"
"IGHM","ensg00000277856","Sun Aug 09 14:11:10 2020"
"IGHA1","ensg00000277856","Sun Aug 09 14:11:10 2020"
"IGHG2","ensg00000277856","Sun Aug 09 14:11:10 2020"
"IGHE","ensg00000277856","Sun Aug 09 14:11:10 2020"
"IGHG3","ensg00000277856","Sun Aug 09 14:11:10 2020"
"IGHG4","ensg00000277856","Sun Aug 09 14:11:10 2020"
"IGLC1","ensg00000277856","Sun Aug 09 14:11:10 2020"
"IGHA2","ensg00000277856","Sun Aug 09 14:11:10 2020"
"IGHD","ensg00000277856","Sun Aug 09 14:11:10 2020"
"IGLC2","ensg00000277856","Sun Aug 09 14:11:10 2020"
"IGHV1-69","ensg00000277856","Sun Aug 09 14:11:10 2020"
"IGHV3-23","ensg00000277856","Sun Aug 09 14:11:10 2020"
"IGHV4-31","ensg00000277856","Sun Aug 09 14:11:10 2020"
"IGLC3","ensg00000277856","Sun Aug 09 14:11:10 2020"
"IGLC7","ensg00000277856","Sun Aug 09 14:11:10 2020"
"IGHV3-48","ensg00000277856","Sun Aug 09 14:11:10 2020"
"IGHV3-7","ensg00000277856","Sun Aug 09 14:11:10 2020"
"IGHV4-34","ensg00000277856","Sun Aug 09 14:11:10 2020"
"IGHV7-81","ensg00000277856","Sun Aug 09 14:11:10 2020"
"TRDC","ensg00000277856","Sun Aug 09 14:11:10 2020"
"ENSG00000278757","ensg00000278757","Sun Aug 09 14:10:44 2020"
"ENSG00000278935","ensg00000278935","Sun Aug 09 14:11:09 2020"
"ENSG00000279440","ensg00000279440","Sun Aug 09 14:11:04 2020"
"CRYBB1","ensg00000279440","Sun Aug 09 14:11:04 2020"
"LOC284898","ensg00000279440","Sun Aug 09 14:11:04 2020"
"RNU6-1066P","ensg00000279440","Sun Aug 09 14:11:04 2020"
"RF00026-670","ensg00000279440","Sun Aug 09 14:11:04 2020"
"LOC107985582","ensg00000279440","Sun Aug 09 14:11:04 2020"
"HSALNG0134685","ensg00000279440","Sun Aug 09 14:11:04 2020"
"ENSG00000280114","ensg00000280114","Sun Aug 09 14:11:04 2020"
"CROCC","ensg00000280114","Sun Aug 09 14:11:04 2020"
"NBPF1","ensg00000280114","Sun Aug 09 14:11:04 2020"
"EIF1AXP1","ensg00000280114","Sun Aug 09 14:11:04 2020"
"lnc-NBPF1-4","ensg00000280114","Sun Aug 09 14:11:04 2020"
"lnc-CROCC-2","ensg00000280114","Sun Aug 09 14:11:04 2020"
"piR-40053","ensg00000280114","Sun Aug 09 14:11:04 2020"
"piR-48423","ensg00000280114","Sun Aug 09 14:11:04 2020"
"ESPNP","ensg00000280114","Sun Aug 09 14:11:04 2020"
"ENSG00000272426","ensg00000280114","Sun Aug 09 14:11:04 2020"
"MIR7846","ensg00000283789","Sun Aug 09 14:11:00 2020"
"ENSG00000284652","ensg00000284652","Sun Aug 09 14:10:56 2020"
"SPSB1","ensg00000284652","Sun Aug 09 14:10:56 2020"
"SLC25A33","ensg00000284652","Sun Aug 09 14:10:56 2020"
"GPR157","ensg00000284652","Sun Aug 09 14:10:56 2020"
"LINC02606","ensg00000284652","Sun Aug 09 14:10:56 2020"
"RNA5SP40","ensg00000284652","Sun Aug 09 14:10:56 2020"
"RERE","ensg00000284652","Sun Aug 09 14:10:56 2020"
"piR-43105-005","ensg00000284652","Sun Aug 09 14:10:56 2020"
"ENSG00000285604","ensg00000285604","Sun Aug 09 14:10:59 2020"
"TNFRSF1B","ensg00000285604","Sun Aug 09 14:10:59 2020"
"TNFRSF8","ensg00000285604","Sun Aug 09 14:10:59 2020"
"MFN2","ensg00000285604","Sun Aug 09 14:10:59 2020"
"RF00017-067","ensg00000285604","Sun Aug 09 14:10:59 2020"
"MIIP","ensg00000285604","Sun Aug 09 14:10:59 2020"
"piR-50443-002","ensg00000285604","Sun Aug 09 14:10:59 2020"
"CLCN6","ensg00000285604","Sun Aug 09 14:10:59 2020"
"EXOSC10","ensg00000285604","Sun Aug 09 14:10:59 2020"
"KIAA2013","ensg00000285604","Sun Aug 09 14:10:59 2020"
"RNU6-777P","ensg00000285604","Sun Aug 09 14:10:59 2020"
"RPL23AP89","ensg00000285604","Sun Aug 09 14:10:59 2020"
"ENSG00000287642","ensg00000287642","Sun Aug 09 14:11:05 2020"
"TRIM2","ensg00000287642","Sun Aug 09 14:11:05 2020"
"ARFIP1","ensg00000287642","Sun Aug 09 14:11:05 2020"
"FHDC1","ensg00000287642","Sun Aug 09 14:11:05 2020"
"MIR4453HG","ensg00000287642","Sun Aug 09 14:11:05 2020"
"LOC729870","ensg00000287642","Sun Aug 09 14:11:05 2020"
"piR-58122","ensg00000287642","Sun Aug 09 14:11:05 2020"
"ENSG00000287927","ensg00000287927","Sun Aug 09 14:11:17 2020"
"ATP6V0D2","ensg00000287927","Sun Aug 09 14:11:17 2020"
"LOC101929627","ensg00000287927","Sun Aug 09 14:11:17 2020"
"CA2","ensg00000287927","Sun Aug 09 14:11:17 2020"
"CA3-AS1","ensg00000287927","Sun Aug 09 14:11:17 2020"
"LOC107986954","ensg00000287927","Sun Aug 09 14:11:17 2020"
"CA1","ensg00000287927","Sun Aug 09 14:11:17 2020"
"piR-42694-162","ensg00000287927","Sun Aug 09 14:11:17 2020"
"ENSG00000288524","ensg00000288524","Sun Aug 09 14:11:14 2020"
"GYPC","ensg00000288524","Sun Aug 09 14:11:14 2020"
"LOC105373602","ensg00000288524","Sun Aug 09 14:11:14 2020"
"RNU6-675P","ensg00000288524","Sun Aug 09 14:11:14 2020"
"piR-50357-075","ensg00000288524","Sun Aug 09 14:11:14 2020"
"piR-55110-047","ensg00000288524","Sun Aug 09 14:11:14 2020"
"SLC4A1","ensg00000004939","Wed Aug 12 13:38:36 2020"
"PGLYRP1","ensg00000008438","Wed Aug 12 13:38:42 2020"
"LTF","ensg00000012223","Wed Aug 12 13:38:41 2020"
"RAP1GAP","ensg00000076864","Wed Aug 12 13:38:43 2020"
"GCKR","ensg00000084734","Wed Aug 12 13:38:44 2020"
"OLFM4","ensg00000102837","Wed Aug 12 13:38:28 2020"
"WFDC1","ensg00000103175","Wed Aug 12 13:38:32 2020"
"KLC3","ensg00000104892","Wed Aug 12 13:38:31 2020"
"GHRHR","ensg00000106128","Wed Aug 12 13:38:27 2020"
"DKK1","ensg00000107984","Wed Aug 12 13:38:34 2020"
"CPE","ensg00000109472","Wed Aug 12 13:38:27 2020"
"RHAG","ensg00000112077","Wed Aug 12 13:38:40 2020"
"SLC8A2","ensg00000118160","Wed Aug 12 13:38:28 2020"
"NPPB","ensg00000120937","Wed Aug 12 13:38:17 2020"
"CEACAM8","ensg00000124469","Wed Aug 12 13:38:38 2020"
"CA1","ensg00000133742","Wed Aug 12 13:38:46 2020"
"CYP19A1","ensg00000137869","Wed Aug 12 13:38:29 2020"
"SELENBP1","ensg00000143416","Wed Aug 12 13:38:42 2020"
"TIMP4","ensg00000157150","Wed Aug 12 13:38:37 2020"
"ALAS2","ensg00000158578","Wed Aug 12 13:38:44 2020"
"LRRC38","ensg00000162494","Wed Aug 12 13:38:20 2020"
"PCOLCE2","ensg00000163710","Wed Aug 12 13:38:26 2020"
"DEFA4","ensg00000164821","Wed Aug 12 13:38:36 2020"
"EPB42","ensg00000166947","Wed Aug 12 13:38:41 2020"
"AHSP","ensg00000169877","Wed Aug 12 13:38:43 2020"
"GYPA","ensg00000170180","Wed Aug 12 13:38:47 2020"
"METTL7B","ensg00000170439","Wed Aug 12 13:38:34 2020"
"SLC6A19","ensg00000174358","Wed Aug 12 13:38:46 2020"
"HBA2","ensg00000188536","Wed Aug 12 13:38:47 2020"
"CTSE","ensg00000196188","Wed Aug 12 13:38:35 2020"
"PRTN3","ensg00000196415","Wed Aug 12 13:38:39 2020"
"HBG2","ensg00000196565","Wed Aug 12 13:38:39 2020"
"RNU6-828P","ensg00000201746","Wed Aug 12 13:38:15 2020"
"ENSG00000202461","ensg00000202461","Wed Aug 12 13:38:18 2020"
"TNFRSF8","ensg00000202461","Wed Aug 12 13:38:18 2020"
"PLOD1","ensg00000202461","Wed Aug 12 13:38:18 2020"
"UBIAD1","ensg00000202461","Wed Aug 12 13:38:18 2020"
"MIIP","ensg00000202461","Wed Aug 12 13:38:18 2020"
"KIAA2013","ensg00000202461","Wed Aug 12 13:38:18 2020"
"NPPA-AS1","ensg00000202461","Wed Aug 12 13:38:18 2020"
"LINC01647","ensg00000202461","Wed Aug 12 13:38:18 2020"
"RNU6-777P","ensg00000202461","Wed Aug 12 13:38:18 2020"
"RPL23AP89","ensg00000202461","Wed Aug 12 13:38:18 2020"
"piR-60051-001","ensg00000202461","Wed Aug 12 13:38:18 2020"
"IFIT1B","ensg00000204010","Wed Aug 12 13:38:44 2020"
"OR6C68","ensg00000205327","Wed Aug 12 13:38:30 2020"
"HBM","ensg00000206177","Wed Aug 12 13:38:46 2020"
"IGLV5-37","ensg00000211654","Wed Aug 12 13:38:32 2020"
"IGLV3-22","ensg00000211661","Wed Aug 12 13:38:36 2020"
"IGHV3-20","ensg00000211946","Wed Aug 12 13:38:33 2020"
"MFFP1","ensg00000215720","Wed Aug 12 13:38:21 2020"
"MMP23A","ensg00000215914","Wed Aug 12 13:38:05 2020"
"HBD","ensg00000223609","Wed Aug 12 13:38:45 2020"
"RPL7P7","ensg00000224315","Wed Aug 12 13:38:12 2020"
"RPL12P14","ensg00000224321","Wed Aug 12 13:38:22 2020"
"ENSG00000224969","ensg00000224969","Wed Aug 12 13:38:04 2020"
"ISG15","ensg00000224969","Wed Aug 12 13:38:04 2020"
"AGRN","ensg00000224969","Wed Aug 12 13:38:04 2020"
"ATAD3B","ensg00000224969","Wed Aug 12 13:38:04 2020"
"CCNL2","ensg00000224969","Wed Aug 12 13:38:04 2020"
"ENSG00000272512","ensg00000224969","Wed Aug 12 13:38:04 2020"
"piR-33422-001","ensg00000224969","Wed Aug 12 13:38:04 2020"
"piR-47514","ensg00000224969","Wed Aug 12 13:38:04 2020"
"RF00017-001","ensg00000224969","Wed Aug 12 13:38:04 2020"
"TMEM233","ensg00000224982","Wed Aug 12 13:38:24 2020"
"MTOR-AS1","ensg00000225602","Wed Aug 12 13:38:16 2020"
"ENSG00000227169","ensg00000227169","Wed Aug 12 13:38:06 2020"
"SOX21-AS1","ensg00000227640","Wed Aug 12 13:38:30 2020"
"RPL23AP89","ensg00000227875","Wed Aug 12 13:38:18 2020"
"RPL37P9","ensg00000227950","Wed Aug 12 13:38:08 2020"
"LINC01672","ensg00000228750","Wed Aug 12 13:38:07 2020"
"LOC100129776","ensg00000229305","Wed Aug 12 13:38:12 2020"
"CICP3","ensg00000229376","Wed Aug 12 13:38:03 2020"
"ENSG00000231353","ensg00000231353","Wed Aug 12 13:38:23 2020"
"ZBTB17","ensg00000231353","Wed Aug 12 13:38:23 2020"
"CLCNKA","ensg00000231353","Wed Aug 12 13:38:23 2020"
"HSPB7","ensg00000231353","Wed Aug 12 13:38:23 2020"
"SRARP","ensg00000231353","Wed Aug 12 13:38:23 2020"
"ENSG00000233078","ensg00000231353","Wed Aug 12 13:38:23 2020"
"lnc-SRARP-3","ensg00000231353","Wed Aug 12 13:38:23 2020"
"RF00017-078","ensg00000231353","Wed Aug 12 13:38:23 2020"
"PLEKHM2","ensg00000231353","Wed Aug 12 13:38:23 2020"
"ARHGEF19-AS1","ensg00000231353","Wed Aug 12 13:38:23 2020"
"ENSG00000231868","ensg00000231868","Wed Aug 12 13:38:06 2020"
"TNFRSF25","ensg00000231868","Wed Aug 12 13:38:06 2020"
"ESPN","ensg00000231868","Wed Aug 12 13:38:06 2020"
"MIR4252","ensg00000231868","Wed Aug 12 13:38:06 2020"
"ACOT7","ensg00000231868","Wed Aug 12 13:38:06 2020"
"lnc-PLEKHG5-2","ensg00000231868","Wed Aug 12 13:38:06 2020"
"RPL22","ensg00000231868","Wed Aug 12 13:38:06 2020"
"RNF207","ensg00000231868","Wed Aug 12 13:38:06 2020"
"RNF207-AS1","ensg00000231868","Wed Aug 12 13:38:06 2020"
"PLEKHG5","ensg00000231868","Wed Aug 12 13:38:06 2020"
"ZBTB48","ensg00000231868","Wed Aug 12 13:38:06 2020"
"NOL9","ensg00000231868","Wed Aug 12 13:38:06 2020"
"PHF13","ensg00000231868","Wed Aug 12 13:38:06 2020"
"ENSG00000232663","ensg00000232663","Wed Aug 12 13:38:13 2020"
"ENO1","ensg00000232663","Wed Aug 12 13:38:13 2020"
"CA6","ensg00000232663","Wed Aug 12 13:38:13 2020"
"LOC112268261","ensg00000232663","Wed Aug 12 13:38:13 2020"
"RNU6-304P","ensg00000232663","Wed Aug 12 13:38:13 2020"
"ENSG00000232208","ensg00000232663","Wed Aug 12 13:38:13 2020"
"lnc-ENO1-1","ensg00000232663","Wed Aug 12 13:38:13 2020"
"piR-49732-003","ensg00000232663","Wed Aug 12 13:38:13 2020"
"piR-54764-002","ensg00000232663","Wed Aug 12 13:38:13 2020"
"piR-45471-003","ensg00000232663","Wed Aug 12 13:38:13 2020"
"piR-53431-007","ensg00000232663","Wed Aug 12 13:38:13 2020"
"piR-55627-001","ensg00000232663","Wed Aug 12 13:38:13 2020"
"piR-31162-003","ensg00000232663","Wed Aug 12 13:38:13 2020"
"piR-31432-005","ensg00000232663","Wed Aug 12 13:38:13 2020"
"ENSG00000233268","ensg00000233268","Wed Aug 12 13:38:14 2020"
"PIK3CD","ensg00000233268","Wed Aug 12 13:38:14 2020"
"CTNNBIP1","ensg00000233268","Wed Aug 12 13:38:14 2020"
"CLSTN1","ensg00000233268","Wed Aug 12 13:38:14 2020"
"lnc-CLSTN1-6","ensg00000233268","Wed Aug 12 13:38:14 2020"
"RF00017-046","ensg00000233268","Wed Aug 12 13:38:14 2020"
"ENSG00000223989","ensg00000233268","Wed Aug 12 13:38:14 2020"
"RPL26P7","ensg00000233268","Wed Aug 12 13:38:14 2020"
"PIK3CD-AS2","ensg00000233268","Wed Aug 12 13:38:14 2020"
"lnc-TMEM201-2","ensg00000233268","Wed Aug 12 13:38:14 2020"
"ENSG00000233645","ensg00000233645","Wed Aug 12 13:38:12 2020"
"ERRFI1","ensg00000233645","Wed Aug 12 13:38:12 2020"
"SLC45A1","ensg00000233645","Wed Aug 12 13:38:12 2020"
"RNU1-7P","ensg00000233645","Wed Aug 12 13:38:12 2020"
"ENSG00000238290","ensg00000233645","Wed Aug 12 13:38:12 2020"
"RF00003-002","ensg00000233645","Wed Aug 12 13:38:12 2020"
"LINC01714","ensg00000233645","Wed Aug 12 13:38:12 2020"
"RF00017-027","ensg00000233645","Wed Aug 12 13:38:12 2020"
"CICP27","ensg00000233750","Wed Aug 12 13:38:01 2020"
"ENSG00000237365","ensg00000237365","Wed Aug 12 13:38:08 2020"
"VAMP3","ensg00000237365","Wed Aug 12 13:38:08 2020"
"CAMTA1","ensg00000237365","Wed Aug 12 13:38:08 2020"
"piR-44759","ensg00000237365","Wed Aug 12 13:38:08 2020"
"RNU1-8P","ensg00000237365","Wed Aug 12 13:38:08 2020"
"RPL37P9","ensg00000237365","Wed Aug 12 13:38:08 2020"
"lnc-THAP3-3","ensg00000237365","Wed Aug 12 13:38:08 2020"
"CAMTA1-AS1","ensg00000237365","Wed Aug 12 13:38:08 2020"
"THAP3","ensg00000237365","Wed Aug 12 13:38:08 2020"
"CAMTA1-DT","ensg00000237365","Wed Aug 12 13:38:08 2020"
"LOC105376692","ensg00000237365","Wed Aug 12 13:38:08 2020"
"DNAJC11","ensg00000237365","Wed Aug 12 13:38:08 2020"
"NOL9","ensg00000237365","Wed Aug 12 13:38:08 2020"
"HSALNG0000558","ensg00000237365","Wed Aug 12 13:38:08 2020"
"NONHSAG000256.2","ensg00000237365","Wed Aug 12 13:38:08 2020"
"PHF13","ensg00000237365","Wed Aug 12 13:38:08 2020"
"LINC01714","ensg00000237365","Wed Aug 12 13:38:08 2020"
"lnc-THAP3-4","ensg00000237365","Wed Aug 12 13:38:08 2020"
"piR-32769-001","ensg00000237365","Wed Aug 12 13:38:08 2020"
"piR-31534-003","ensg00000237365","Wed Aug 12 13:38:08 2020"
"piR-48209-013","ensg00000237365","Wed Aug 12 13:38:08 2020"
"HSALNG0000557","ensg00000237365","Wed Aug 12 13:38:08 2020"
"lnc-DNAJC11-3","ensg00000237365","Wed Aug 12 13:38:08 2020"
"piR-45035-001","ensg00000237365","Wed Aug 12 13:38:08 2020"
"RF00017-024","ensg00000237365","Wed Aug 12 13:38:08 2020"
"SNORA59A","ensg00000239149","Wed Aug 12 13:38:20 2020"
"ENSG00000239906","ensg00000239906","Wed Aug 12 13:38:02 2020"
"ISG15","ensg00000239906","Wed Aug 12 13:38:02 2020"
"UBE2J2","ensg00000239906","Wed Aug 12 13:38:02 2020"
"MIB2","ensg00000239906","Wed Aug 12 13:38:02 2020"
"CDK11A","ensg00000239906","Wed Aug 12 13:38:02 2020"
"CDK11B","ensg00000239906","Wed Aug 12 13:38:02 2020"
"SDF4","ensg00000239906","Wed Aug 12 13:38:02 2020"
"NOC2L","ensg00000239906","Wed Aug 12 13:38:02 2020"
"ATAD3B","ensg00000239906","Wed Aug 12 13:38:02 2020"
"ACAP3","ensg00000239906","Wed Aug 12 13:38:02 2020"
"CCNL2","ensg00000239906","Wed Aug 12 13:38:02 2020"
"MXRA8","ensg00000239906","Wed Aug 12 13:38:02 2020"
"KLHL17","ensg00000239906","Wed Aug 12 13:38:02 2020"
"PUSL1","ensg00000239906","Wed Aug 12 13:38:02 2020"
"TMEM240","ensg00000239906","Wed Aug 12 13:38:02 2020"
"HES4","ensg00000239906","Wed Aug 12 13:38:02 2020"
"PLEKHN1","ensg00000239906","Wed Aug 12 13:38:02 2020"
"SLC35E2B","ensg00000239906","Wed Aug 12 13:38:02 2020"
"INTS11","ensg00000239906","Wed Aug 12 13:38:02 2020"
"PERM1","ensg00000239906","Wed Aug 12 13:38:02 2020"
"SLC35E2A","ensg00000239906","Wed Aug 12 13:38:02 2020"
"FAM87B","ensg00000239906","Wed Aug 12 13:38:02 2020"
"LINC00115","ensg00000239906","Wed Aug 12 13:38:02 2020"
"WASH7P","ensg00000239906","Wed Aug 12 13:38:02 2020"
"LINC01786","ensg00000239906","Wed Aug 12 13:38:02 2020"
"RN7SL614P","ensg00000243267","Wed Aug 12 13:38:16 2020"
"MIR1302-2HG","ensg00000243485","Wed Aug 12 13:38:01 2020"
"HBB","ensg00000244734","Wed Aug 12 13:38:29 2020"
"GYPB","ensg00000250361","Wed Aug 12 13:38:47 2020"
"CENPS-CORT","ensg00000251503","Wed Aug 12 13:38:15 2020"
"RNU6-731P","ensg00000253022","Wed Aug 12 13:38:07 2020"
"ENSG00000253085","ensg00000253085","Wed Aug 12 13:38:21 2020"
"PRDM2","ensg00000253085","Wed Aug 12 13:38:21 2020"
"KAZN","ensg00000253085","Wed Aug 12 13:38:21 2020"
"lnc-LRRC38-2","ensg00000253085","Wed Aug 12 13:38:21 2020"
"piR-39858-004","ensg00000253085","Wed Aug 12 13:38:21 2020"
"KR153194-003","ensg00000253085","Wed Aug 12 13:38:21 2020"
"RNU6-537P","ensg00000253086","Wed Aug 12 13:38:16 2020"
"LINC02395","ensg00000257771","Wed Aug 12 13:38:33 2020"
"ENSG00000258763","ensg00000258763","Wed Aug 12 13:38:26 2020"
"OR6C70","ensg00000258763","Wed Aug 12 13:38:26 2020"
"OR6C68","ensg00000258763","Wed Aug 12 13:38:26 2020"
"OR6C2","ensg00000258763","Wed Aug 12 13:38:26 2020"
"piR-55361-124","ensg00000258763","Wed Aug 12 13:38:26 2020"
"MMP19","ensg00000258763","Wed Aug 12 13:38:26 2020"
"MIP","ensg00000258763","Wed Aug 12 13:38:26 2020"
"APOF","ensg00000258763","Wed Aug 12 13:38:26 2020"
"OR6C4","ensg00000258763","Wed Aug 12 13:38:26 2020"
"OR10A7","ensg00000258763","Wed Aug 12 13:38:26 2020"
"ENSG00000257303","ensg00000258763","Wed Aug 12 13:38:26 2020"
"piR-48553-085","ensg00000258763","Wed Aug 12 13:38:26 2020"
"piR-56759-126","ensg00000258763","Wed Aug 12 13:38:26 2020"
"piR-56022-106","ensg00000258763","Wed Aug 12 13:38:26 2020"
"piR-39488-069","ensg00000258763","Wed Aug 12 13:38:26 2020"
"piR-49732-108","ensg00000258763","Wed Aug 12 13:38:26 2020"
"piR-43099-113","ensg00000258763","Wed Aug 12 13:38:26 2020"
"piR-60597-012","ensg00000258763","Wed Aug 12 13:38:26 2020"
"piR-36393-105","ensg00000258763","Wed Aug 12 13:38:26 2020"
"piR-55281-116","ensg00000258763","Wed Aug 12 13:38:26 2020"
"piR-54764-122","ensg00000258763","Wed Aug 12 13:38:26 2020"
"piR-31162-096","ensg00000258763","Wed Aug 12 13:38:26 2020"
"piR-61028-109","ensg00000258763","Wed Aug 12 13:38:26 2020"
"piR-55648-019","ensg00000258763","Wed Aug 12 13:38:26 2020"
"ENSG00000258921","ensg00000258921","Wed Aug 12 13:38:45 2020"
"METTL7B","ensg00000258921","Wed Aug 12 13:38:45 2020"
"OR10P1","ensg00000258921","Wed Aug 12 13:38:45 2020"
"BLOC1S1","ensg00000258921","Wed Aug 12 13:38:45 2020"
"OR10AE3P","ensg00000258921","Wed Aug 12 13:38:45 2020"
"MMP19","ensg00000258921","Wed Aug 12 13:38:45 2020"
"ITGA7","ensg00000258921","Wed Aug 12 13:38:45 2020"
"SMARCC2","ensg00000258921","Wed Aug 12 13:38:45 2020"
"RNF41","ensg00000258921","Wed Aug 12 13:38:45 2020"
"IKZF4","ensg00000258921","Wed Aug 12 13:38:45 2020"
"ZC3H10","ensg00000258921","Wed Aug 12 13:38:45 2020"
"ANKRD52","ensg00000258921","Wed Aug 12 13:38:45 2020"
"PHC1P1","ensg00000258921","Wed Aug 12 13:38:45 2020"
"ENSG00000257740","ensg00000258921","Wed Aug 12 13:38:45 2020"
"PSMB3P1","ensg00000258921","Wed Aug 12 13:38:45 2020"
"BAZ2A","ensg00000258921","Wed Aug 12 13:38:45 2020"
"IL23A","ensg00000258921","Wed Aug 12 13:38:45 2020"
"PAN2","ensg00000258921","Wed Aug 12 13:38:45 2020"
"ORMDL2","ensg00000258921","Wed Aug 12 13:38:45 2020"
"DNAJC14","ensg00000258921","Wed Aug 12 13:38:45 2020"
"PYM1","ensg00000258921","Wed Aug 12 13:38:45 2020"
"TMEM198B","ensg00000258921","Wed Aug 12 13:38:45 2020"
"piR-50308-120","ensg00000258921","Wed Aug 12 13:38:45 2020"
"piR-45471-116","ensg00000258921","Wed Aug 12 13:38:45 2020"
"piR-55654-098","ensg00000258921","Wed Aug 12 13:38:45 2020"
"MIR4632","ensg00000263676","Wed Aug 12 13:38:20 2020"
"RN7SL451P","ensg00000265141","Wed Aug 12 13:38:14 2020"
"RN7SL574P","ensg00000266075","Wed Aug 12 13:38:06 2020"
"ENSG00000269978","ensg00000269978","Wed Aug 12 13:38:10 2020"
"ENSG00000270035","ensg00000270035","Wed Aug 12 13:38:08 2020"
"PER3","ensg00000270035","Wed Aug 12 13:38:08 2020"
"VAMP3","ensg00000270035","Wed Aug 12 13:38:08 2020"
"ENSG00000270171","ensg00000270035","Wed Aug 12 13:38:08 2020"
"TNFRSF9","ensg00000270035","Wed Aug 12 13:38:08 2020"
"UTS2","ensg00000270035","Wed Aug 12 13:38:08 2020"
"CAMTA1","ensg00000270035","Wed Aug 12 13:38:08 2020"
"ENSG00000236266","ensg00000270035","Wed Aug 12 13:38:08 2020"
"FJ601661","ensg00000270035","Wed Aug 12 13:38:08 2020"
"ENSG00000269925","ensg00000270035","Wed Aug 12 13:38:08 2020"
"NONHSAG000273.2","ensg00000270035","Wed Aug 12 13:38:08 2020"
"LOC105376689","ensg00000270035","Wed Aug 12 13:38:08 2020"
"FJ601684-002","ensg00000270035","Wed Aug 12 13:38:08 2020"
"piR-32214-003","ensg00000270035","Wed Aug 12 13:38:08 2020"
"ENSG00000270330","ensg00000270330","Wed Aug 12 13:38:11 2020"
"TNFRSF9","ensg00000270330","Wed Aug 12 13:38:11 2020"
"UTS2","ensg00000270330","Wed Aug 12 13:38:11 2020"
"lnc-PARK7-3","ensg00000270330","Wed Aug 12 13:38:11 2020"
"lnc-PARK7-5","ensg00000270330","Wed Aug 12 13:38:11 2020"
"HG984093","ensg00000270330","Wed Aug 12 13:38:11 2020"
"TRUND-NNN4-1","ensg00000270330","Wed Aug 12 13:38:11 2020"
"piR-33123-001","ensg00000270330","Wed Aug 12 13:38:11 2020"
"ENSG00000270620","ensg00000270620","Wed Aug 12 13:38:23 2020"
"ZBTB17","ensg00000270620","Wed Aug 12 13:38:23 2020"
"SPEN","ensg00000270620","Wed Aug 12 13:38:23 2020"
"lnc-ZBTB17-3","ensg00000270620","Wed Aug 12 13:38:23 2020"
"CLCNKA","ensg00000270620","Wed Aug 12 13:38:23 2020"
"ENSG00000179743","ensg00000270620","Wed Aug 12 13:38:23 2020"
"piR-53082","ensg00000270620","Wed Aug 12 13:38:23 2020"
"CLCNKB","ensg00000270620","Wed Aug 12 13:38:23 2020"
"HSPB7","ensg00000270620","Wed Aug 12 13:38:23 2020"
"FBLIM1","ensg00000270620","Wed Aug 12 13:38:23 2020"
"SNODB479","ensg00000270620","Wed Aug 12 13:38:23 2020"
"SRARP","ensg00000270620","Wed Aug 12 13:38:23 2020"
"ARHGEF19-AS1","ensg00000270620","Wed Aug 12 13:38:23 2020"
"ENSG00000270914","ensg00000270914","Wed Aug 12 13:38:17 2020"
"MFN2","ensg00000270914","Wed Aug 12 13:38:17 2020"
"MIIP","ensg00000270914","Wed Aug 12 13:38:17 2020"
"MN308906","ensg00000270914","Wed Aug 12 13:38:17 2020"
"MTOR","ensg00000270914","Wed Aug 12 13:38:17 2020"
"EXOSC10","ensg00000270914","Wed Aug 12 13:38:17 2020"
"VPS13D","ensg00000270914","Wed Aug 12 13:38:17 2020"
"KIAA2013","ensg00000270914","Wed Aug 12 13:38:17 2020"
"ENSG00000271895","ensg00000270914","Wed Aug 12 13:38:17 2020"
"ENSG00000226849","ensg00000270914","Wed Aug 12 13:38:17 2020"
"ENSG00000271732","ensg00000271732","Wed Aug 12 13:38:24 2020"
"NBPF1","ensg00000271732","Wed Aug 12 13:38:24 2020"
"CROCC","ensg00000271732","Wed Aug 12 13:38:24 2020"
"SPEN","ensg00000271732","Wed Aug 12 13:38:24 2020"
"piR-40418-001","ensg00000271732","Wed Aug 12 13:38:24 2020"
"ZBTB17","ensg00000271732","Wed Aug 12 13:38:24 2020"
"CROCCP2","ensg00000271732","Wed Aug 12 13:38:24 2020"
"RPL22P3","ensg00000271732","Wed Aug 12 13:38:24 2020"
"LOC105376794","ensg00000271732","Wed Aug 12 13:38:24 2020"
"ARHGEF19","ensg00000271732","Wed Aug 12 13:38:24 2020"
"RPS16P1","ensg00000271732","Wed Aug 12 13:38:24 2020"
"ENSG00000237938","ensg00000271732","Wed Aug 12 13:38:24 2020"
"lnc-NBPF1-2","ensg00000271732","Wed Aug 12 13:38:24 2020"
"lnc-NBPF1-1","ensg00000271732","Wed Aug 12 13:38:24 2020"
"MFAP2","ensg00000271732","Wed Aug 12 13:38:24 2020"
"NECAP2","ensg00000271732","Wed Aug 12 13:38:24 2020"
"piR-50311-002","ensg00000271732","Wed Aug 12 13:38:24 2020"
"FBXO42","ensg00000271732","Wed Aug 12 13:38:24 2020"
"SZRD1","ensg00000271732","Wed Aug 12 13:38:24 2020"
"CROCCP3","ensg00000271732","Wed Aug 12 13:38:24 2020"
"LINC01772","ensg00000271732","Wed Aug 12 13:38:24 2020"
"ENSG00000226526","ensg00000271732","Wed Aug 12 13:38:24 2020"
"piR-37244","ensg00000271732","Wed Aug 12 13:38:24 2020"
"ENSG00000228549","ensg00000271732","Wed Aug 12 13:38:24 2020"
"piR-42350","ensg00000271732","Wed Aug 12 13:38:24 2020"
"ENSG00000272004","ensg00000272004","Wed Aug 12 13:38:04 2020"
"CDK11B","ensg00000272004","Wed Aug 12 13:38:04 2020"
"SLC35E2B","ensg00000272004","Wed Aug 12 13:38:04 2020"
"piR-34351","ensg00000272004","Wed Aug 12 13:38:04 2020"
"ENSG00000227775","ensg00000272004","Wed Aug 12 13:38:04 2020"
"MMP23B","ensg00000272004","Wed Aug 12 13:38:04 2020"
"SLC35E2A","ensg00000272004","Wed Aug 12 13:38:04 2020"
"piR-36349-001","ensg00000272004","Wed Aug 12 13:38:04 2020"
"ENSG00000272088","ensg00000272088","Wed Aug 12 13:38:05 2020"
"ARHGEF16","ensg00000272088","Wed Aug 12 13:38:05 2020"
"MEGF6","ensg00000272088","Wed Aug 12 13:38:05 2020"
"TP73","ensg00000272088","Wed Aug 12 13:38:05 2020"
"WRAP73","ensg00000272088","Wed Aug 12 13:38:05 2020"
"TPRG1L","ensg00000272088","Wed Aug 12 13:38:05 2020"
"ENSG00000238260","ensg00000272088","Wed Aug 12 13:38:05 2020"
"lnc-WRAP73-4","ensg00000272088","Wed Aug 12 13:38:05 2020"
"NONHSAG000188.2","ensg00000272088","Wed Aug 12 13:38:05 2020"
"AJAP1","ensg00000272088","Wed Aug 12 13:38:05 2020"
"C1orf174","ensg00000272088","Wed Aug 12 13:38:05 2020"
"lnc-DFFB-4","ensg00000272088","Wed Aug 12 13:38:05 2020"
"piR-41170","ensg00000272088","Wed Aug 12 13:38:05 2020"
"ENSG00000272438","ensg00000272438","Wed Aug 12 13:38:04 2020"
"SAMD11","ensg00000272438","Wed Aug 12 13:38:04 2020"
"OR4F16","ensg00000272438","Wed Aug 12 13:38:04 2020"
"ENSG00000230699","ensg00000272438","Wed Aug 12 13:38:04 2020"
"LOC284600","ensg00000272438","Wed Aug 12 13:38:04 2020"
"lnc-SAMD11-3","ensg00000272438","Wed Aug 12 13:38:04 2020"
"PERM1","ensg00000272438","Wed Aug 12 13:38:04 2020"
"ENSG00000241180","ensg00000272438","Wed Aug 12 13:38:04 2020"
"lnc-NOC2L-11","ensg00000272438","Wed Aug 12 13:38:04 2020"
"HSALNG0000047","ensg00000272438","Wed Aug 12 13:38:04 2020"
"ISG15","ensg00000272438","Wed Aug 12 13:38:04 2020"
"UBE2J2","ensg00000272438","Wed Aug 12 13:38:04 2020"
"CDK11A","ensg00000272438","Wed Aug 12 13:38:04 2020"
"CDK11B","ensg00000272438","Wed Aug 12 13:38:04 2020"
"SDF4","ensg00000272438","Wed Aug 12 13:38:04 2020"
"NOC2L","ensg00000272438","Wed Aug 12 13:38:04 2020"
"ATAD3B","ensg00000272438","Wed Aug 12 13:38:04 2020"
"CCNL2","ensg00000272438","Wed Aug 12 13:38:04 2020"
"KLHL17","ensg00000272438","Wed Aug 12 13:38:04 2020"
"PUSL1","ensg00000272438","Wed Aug 12 13:38:04 2020"
"HES4","ensg00000272438","Wed Aug 12 13:38:04 2020"
"INTS11","ensg00000272438","Wed Aug 12 13:38:04 2020"
"SLC35E2A","ensg00000272438","Wed Aug 12 13:38:04 2020"
"LINC00115","ensg00000272438","Wed Aug 12 13:38:04 2020"
"LINC02593","ensg00000272438","Wed Aug 12 13:38:04 2020"
"ENSG00000272510","ensg00000272510","Wed Aug 12 13:38:22 2020"
"AGMAT","ensg00000272510","Wed Aug 12 13:38:22 2020"
"DNAJC16","ensg00000272510","Wed Aug 12 13:38:22 2020"
"SCARNA21B","ensg00000272510","Wed Aug 12 13:38:22 2020"
"piR-32251","ensg00000272510","Wed Aug 12 13:38:22 2020"
"RSC1A1","ensg00000272510","Wed Aug 12 13:38:22 2020"
"piR-51879","ensg00000272510","Wed Aug 12 13:38:22 2020"
"MIR6728","ensg00000274258","Wed Aug 12 13:38:13 2020"
"ENSG00000277856","ensg00000277856","Wed Aug 12 13:38:32 2020"
"IGLL5","ensg00000277856","Wed Aug 12 13:38:32 2020"
"IGLL1","ensg00000277856","Wed Aug 12 13:38:32 2020"
"IGKC","ensg00000277856","Wed Aug 12 13:38:32 2020"
"IGHG1","ensg00000277856","Wed Aug 12 13:38:32 2020"
"IGHM","ensg00000277856","Wed Aug 12 13:38:32 2020"
"IGHA1","ensg00000277856","Wed Aug 12 13:38:32 2020"
"IGHG2","ensg00000277856","Wed Aug 12 13:38:32 2020"
"IGHE","ensg00000277856","Wed Aug 12 13:38:32 2020"
"IGHG3","ensg00000277856","Wed Aug 12 13:38:32 2020"
"IGHG4","ensg00000277856","Wed Aug 12 13:38:32 2020"
"IGLC1","ensg00000277856","Wed Aug 12 13:38:32 2020"
"IGHA2","ensg00000277856","Wed Aug 12 13:38:32 2020"
"IGHD","ensg00000277856","Wed Aug 12 13:38:32 2020"
"IGLC2","ensg00000277856","Wed Aug 12 13:38:32 2020"
"IGHV1-69","ensg00000277856","Wed Aug 12 13:38:32 2020"
"IGHV3-23","ensg00000277856","Wed Aug 12 13:38:32 2020"
"IGHV4-31","ensg00000277856","Wed Aug 12 13:38:32 2020"
"IGLC3","ensg00000277856","Wed Aug 12 13:38:32 2020"
"IGLC7","ensg00000277856","Wed Aug 12 13:38:32 2020"
"IGHV3-48","ensg00000277856","Wed Aug 12 13:38:32 2020"
"IGHV3-7","ensg00000277856","Wed Aug 12 13:38:32 2020"
"IGHV4-34","ensg00000277856","Wed Aug 12 13:38:32 2020"
"IGHV7-81","ensg00000277856","Wed Aug 12 13:38:32 2020"
"TRDC","ensg00000277856","Wed Aug 12 13:38:32 2020"
"ENSG00000278757","ensg00000278757","Wed Aug 12 13:38:03 2020"
"ENSG00000278935","ensg00000278935","Wed Aug 12 13:38:31 2020"
"ENSG00000279440","ensg00000279440","Wed Aug 12 13:38:25 2020"
"CRYBB1","ensg00000279440","Wed Aug 12 13:38:25 2020"
"LOC284898","ensg00000279440","Wed Aug 12 13:38:25 2020"
"RNU6-1066P","ensg00000279440","Wed Aug 12 13:38:25 2020"
"RF00026-670","ensg00000279440","Wed Aug 12 13:38:25 2020"
"LOC107985582","ensg00000279440","Wed Aug 12 13:38:25 2020"
"HSALNG0134685","ensg00000279440","Wed Aug 12 13:38:25 2020"
"ENSG00000280114","ensg00000280114","Wed Aug 12 13:38:24 2020"
"CROCC","ensg00000280114","Wed Aug 12 13:38:24 2020"
"NBPF1","ensg00000280114","Wed Aug 12 13:38:24 2020"
"EIF1AXP1","ensg00000280114","Wed Aug 12 13:38:24 2020"
"lnc-NBPF1-4","ensg00000280114","Wed Aug 12 13:38:24 2020"
"lnc-CROCC-2","ensg00000280114","Wed Aug 12 13:38:24 2020"
"piR-40053","ensg00000280114","Wed Aug 12 13:38:24 2020"
"piR-48423","ensg00000280114","Wed Aug 12 13:38:24 2020"
"ESPNP","ensg00000280114","Wed Aug 12 13:38:24 2020"
"ENSG00000272426","ensg00000280114","Wed Aug 12 13:38:24 2020"
"MIR7846","ensg00000283789","Wed Aug 12 13:38:19 2020"
"ENSG00000284652","ensg00000284652","Wed Aug 12 13:38:14 2020"
"SPSB1","ensg00000284652","Wed Aug 12 13:38:14 2020"
"SLC25A33","ensg00000284652","Wed Aug 12 13:38:14 2020"
"GPR157","ensg00000284652","Wed Aug 12 13:38:14 2020"
"LINC02606","ensg00000284652","Wed Aug 12 13:38:14 2020"
"RNA5SP40","ensg00000284652","Wed Aug 12 13:38:14 2020"
"RERE","ensg00000284652","Wed Aug 12 13:38:14 2020"
"piR-43105-005","ensg00000284652","Wed Aug 12 13:38:14 2020"
"ENSG00000285604","ensg00000285604","Wed Aug 12 13:38:19 2020"
"TNFRSF1B","ensg00000285604","Wed Aug 12 13:38:19 2020"
"TNFRSF8","ensg00000285604","Wed Aug 12 13:38:19 2020"
"MFN2","ensg00000285604","Wed Aug 12 13:38:19 2020"
"RF00017-067","ensg00000285604","Wed Aug 12 13:38:19 2020"
"MIIP","ensg00000285604","Wed Aug 12 13:38:19 2020"
"piR-50443-002","ensg00000285604","Wed Aug 12 13:38:19 2020"
"CLCN6","ensg00000285604","Wed Aug 12 13:38:19 2020"
"EXOSC10","ensg00000285604","Wed Aug 12 13:38:19 2020"
"KIAA2013","ensg00000285604","Wed Aug 12 13:38:19 2020"
"RNU6-777P","ensg00000285604","Wed Aug 12 13:38:19 2020"
"RPL23AP89","ensg00000285604","Wed Aug 12 13:38:19 2020"
"ENSG00000287642","ensg00000287642","Wed Aug 12 13:38:26 2020"
"TRIM2","ensg00000287642","Wed Aug 12 13:38:26 2020"
"ARFIP1","ensg00000287642","Wed Aug 12 13:38:26 2020"
"FHDC1","ensg00000287642","Wed Aug 12 13:38:26 2020"
"MIR4453HG","ensg00000287642","Wed Aug 12 13:38:26 2020"
"LOC729870","ensg00000287642","Wed Aug 12 13:38:26 2020"
"piR-58122","ensg00000287642","Wed Aug 12 13:38:26 2020"
"ENSG00000287927","ensg00000287927","Wed Aug 12 13:38:43 2020"
"ATP6V0D2","ensg00000287927","Wed Aug 12 13:38:43 2020"
"LOC101929627","ensg00000287927","Wed Aug 12 13:38:43 2020"
"CA2","ensg00000287927","Wed Aug 12 13:38:43 2020"
"CA3-AS1","ensg00000287927","Wed Aug 12 13:38:43 2020"
"LOC107986954","ensg00000287927","Wed Aug 12 13:38:43 2020"
"CA1","ensg00000287927","Wed Aug 12 13:38:43 2020"
"piR-42694-162","ensg00000287927","Wed Aug 12 13:38:43 2020"
"ENSG00000288524","ensg00000288524","Wed Aug 12 13:38:40 2020"
"GYPC","ensg00000288524","Wed Aug 12 13:38:40 2020"
"LOC105373602","ensg00000288524","Wed Aug 12 13:38:40 2020"
"RNU6-675P","ensg00000288524","Wed Aug 12 13:38:40 2020"
"piR-50357-075","ensg00000288524","Wed Aug 12 13:38:40 2020"
"piR-55110-047","ensg00000288524","Wed Aug 12 13:38:40 2020"
"SLC4A1","ensg00000004939","Fri Aug 14 06:46:12 2020"
"PRSS21","ensg00000007038","Fri Aug 14 06:45:44 2020"
"PGLYRP1","ensg00000008438","Fri Aug 14 06:46:16 2020"
"LTF","ensg00000012223","Fri Aug 14 06:46:16 2020"
"RAP1GAP","ensg00000076864","Fri Aug 14 06:46:17 2020"
"GCKR","ensg00000084734","Fri Aug 14 06:46:19 2020"
"BIRC7","ensg00000101197","Fri Aug 14 06:45:43 2020"
"OLFM4","ensg00000102837","Fri Aug 14 06:46:06 2020"
"WFDC1","ensg00000103175","Fri Aug 14 06:46:10 2020"
"KLC3","ensg00000104892","Fri Aug 14 06:46:09 2020"
"GHRHR","ensg00000106128","Fri Aug 14 06:46:06 2020"
"DKK1","ensg00000107984","Fri Aug 14 06:46:11 2020"
"CPE","ensg00000109472","Fri Aug 14 06:46:05 2020"
"RHAG","ensg00000112077","Fri Aug 14 06:46:15 2020"
"IL1A","ensg00000115008","Fri Aug 14 06:45:41 2020"
"CCL20","ensg00000115009","Fri Aug 14 06:45:44 2020"
"SLC8A2","ensg00000118160","Fri Aug 14 06:46:06 2020"
"NR4A3","ensg00000119508","Fri Aug 14 06:45:57 2020"
"FMOD","ensg00000122176","Fri Aug 14 06:45:42 2020"
"CEACAM8","ensg00000124469","Fri Aug 14 06:46:13 2020"
"CA1","ensg00000133742","Fri Aug 14 06:46:20 2020"
"DSC1","ensg00000134765","Fri Aug 14 06:46:02 2020"
"CYP19A1","ensg00000137869","Fri Aug 14 06:46:07 2020"
"SELENBP1","ensg00000143416","Fri Aug 14 06:46:16 2020"
"ABCA6","ensg00000154262","Fri Aug 14 06:46:01 2020"
"TIMP4","ensg00000157150","Fri Aug 14 06:46:13 2020"
"ALAS2","ensg00000158578","Fri Aug 14 06:46:18 2020"
"ZNF890P","ensg00000159904","Fri Aug 14 06:45:41 2020"
"PCOLCE2","ensg00000163710","Fri Aug 14 06:46:04 2020"
"DEFA4","ensg00000164821","Fri Aug 14 06:46:13 2020"
"GEM","ensg00000164949","Fri Aug 14 06:45:43 2020"
"GJB2","ensg00000165474","Fri Aug 14 06:45:41 2020"
"EPB42","ensg00000166947","Fri Aug 14 06:46:15 2020"
"AHSP","ensg00000169877","Fri Aug 14 06:46:18 2020"
"GYPA","ensg00000170180","Fri Aug 14 06:46:21 2020"
"METTL7B","ensg00000170439","Fri Aug 14 06:46:11 2020"
"OLR1","ensg00000173391","Fri Aug 14 06:45:39 2020"
"SLC6A19","ensg00000174358","Fri Aug 14 06:46:21 2020"
"BOK","ensg00000176720","Fri Aug 14 06:45:58 2020"
"ARSJ","ensg00000180801","Fri Aug 14 06:45:58 2020"
"RPL7AP28","ensg00000184139","Fri Aug 14 06:45:54 2020"
"UMODL1-AS1","ensg00000184385","Fri Aug 14 06:45:39 2020"
"LRRC26","ensg00000184709","Fri Aug 14 06:45:57 2020"
"KRT5","ensg00000186081","Fri Aug 14 06:45:56 2020"
"HBA2","ensg00000188536","Fri Aug 14 06:46:22 2020"
"SPOCK3","ensg00000196104","Fri Aug 14 06:45:56 2020"
"CTSE","ensg00000196188","Fri Aug 14 06:46:12 2020"
"PRTN3","ensg00000196415","Fri Aug 14 06:46:14 2020"
"HBG2","ensg00000196565","Fri Aug 14 06:46:14 2020"
"UGT2B17","ensg00000197888","Fri Aug 14 06:45:55 2020"
"MTCO3P12","ensg00000198744","Fri Aug 14 06:45:56 2020"
"IFIT1B","ensg00000204010","Fri Aug 14 06:46:19 2020"
"PRRT1","ensg00000204314","Fri Aug 14 06:45:57 2020"
"HSPA1B","ensg00000204388","Fri Aug 14 06:45:38 2020"
"ZFP57","ensg00000204644","Fri Aug 14 06:45:40 2020"
"OR6C68","ensg00000205327","Fri Aug 14 06:46:08 2020"
"HBM","ensg00000206177","Fri Aug 14 06:46:20 2020"
"IGLV5-37","ensg00000211654","Fri Aug 14 06:46:09 2020"
"IGLV3-22","ensg00000211661","Fri Aug 14 06:46:12 2020"
"TRAJ2","ensg00000211887","Fri Aug 14 06:45:52 2020"
"IGHV3-20","ensg00000211946","Fri Aug 14 06:46:11 2020"
"SNORA26","ensg00000212588","Fri Aug 14 06:45:51 2020"
"ENSG00000213058","ensg00000213058","Fri Aug 14 06:45:37 2020"
"RASAL2","ensg00000213058","Fri Aug 14 06:45:37 2020"
"CLEC20A","ensg00000213058","Fri Aug 14 06:45:37 2020"
"lnc-TEX35-3","ensg00000213058","Fri Aug 14 06:45:37 2020"
"C1orf220","ensg00000213058","Fri Aug 14 06:45:37 2020"
"CRYZL2P","ensg00000213058","Fri Aug 14 06:45:37 2020"
"RPS14P2","ensg00000213058","Fri Aug 14 06:45:37 2020"
"RASAL2-AS1","ensg00000213058","Fri Aug 14 06:45:37 2020"
"piR-50391-001","ensg00000213058","Fri Aug 14 06:45:37 2020"
"RNU2-6P","ensg00000223336","Fri Aug 14 06:45:49 2020"
"HBD","ensg00000223609","Fri Aug 14 06:46:19 2020"
"MIR181A2HG","ensg00000224020","Fri Aug 14 06:45:51 2020"
"TMEM233","ensg00000224982","Fri Aug 14 06:46:03 2020"
"NBPF13P","ensg00000227242","Fri Aug 14 06:45:58 2020"
"SOX21-AS1","ensg00000227640","Fri Aug 14 06:46:08 2020"
"CYP4F29P","ensg00000228314","Fri Aug 14 06:45:53 2020"
"ENSG00000228554","ensg00000228554","Fri Aug 14 06:45:49 2020"
"CDK13","ensg00000228554","Fri Aug 14 06:45:49 2020"
"LINC00265","ensg00000228554","Fri Aug 14 06:45:49 2020"
"YAE1","ensg00000228554","Fri Aug 14 06:45:49 2020"
"RALA","ensg00000228554","Fri Aug 14 06:45:49 2020"
"ENSG00000227172","ensg00000228554","Fri Aug 14 06:45:49 2020"
"RF00017-6129","ensg00000228554","Fri Aug 14 06:45:49 2020"
"CICP22","ensg00000228554","Fri Aug 14 06:45:49 2020"
"MPLKIP","ensg00000228554","Fri Aug 14 06:45:49 2020"
"lnc-MPLKIP-13","ensg00000228554","Fri Aug 14 06:45:49 2020"
"piR-57460-604","ensg00000228554","Fri Aug 14 06:45:49 2020"
"ENSG00000231951","ensg00000228554","Fri Aug 14 06:45:49 2020"
"ENSG00000236015","ensg00000228554","Fri Aug 14 06:45:49 2020"
"AMPH","ensg00000228554","Fri Aug 14 06:45:49 2020"
"VPS41","ensg00000228554","Fri Aug 14 06:45:49 2020"
"POU6F2","ensg00000228554","Fri Aug 14 06:45:49 2020"
"SUGCT","ensg00000228554","Fri Aug 14 06:45:49 2020"
"FAM183BP","ensg00000228554","Fri Aug 14 06:45:49 2020"
"ENSG00000259826","ensg00000228554","Fri Aug 14 06:45:49 2020"
"RF00017-6130","ensg00000228554","Fri Aug 14 06:45:49 2020"
"piR-35421-005","ensg00000228554","Fri Aug 14 06:45:49 2020"
"piR-48369-189","ensg00000228554","Fri Aug 14 06:45:49 2020"
"piR-59928-139","ensg00000228554","Fri Aug 14 06:45:49 2020"
"NONHSAG047421.2","ensg00000228554","Fri Aug 14 06:45:49 2020"
"piR-55194-359","ensg00000228554","Fri Aug 14 06:45:49 2020"
"HLA-DRB6","ensg00000229391","Fri Aug 14 06:45:40 2020"
"ENSG00000230606","ensg00000230606","Fri Aug 14 06:45:55 2020"
"ANKRD36B","ensg00000230606","Fri Aug 14 06:45:55 2020"
"FAHD2B","ensg00000230606","Fri Aug 14 06:45:55 2020"
"ANKRD36","ensg00000230606","Fri Aug 14 06:45:55 2020"
"ACTR1B","ensg00000230606","Fri Aug 14 06:45:55 2020"
"ZAP70","ensg00000230606","Fri Aug 14 06:45:55 2020"
"COX5B","ensg00000230606","Fri Aug 14 06:45:55 2020"
"FAM178B","ensg00000230606","Fri Aug 14 06:45:55 2020"
"piR-51878-023","ensg00000230606","Fri Aug 14 06:45:55 2020"
"piR-61532-144","ensg00000230606","Fri Aug 14 06:45:55 2020"
"SNRNP200","ensg00000230606","Fri Aug 14 06:45:55 2020"
"TMEM131","ensg00000230606","Fri Aug 14 06:45:55 2020"
"C2orf92","ensg00000230606","Fri Aug 14 06:45:55 2020"
"SEMA4C","ensg00000230606","Fri Aug 14 06:45:55 2020"
"CNNM3","ensg00000230606","Fri Aug 14 06:45:55 2020"
"VWA3B","ensg00000230606","Fri Aug 14 06:45:55 2020"
"RNU4-8P","ensg00000230606","Fri Aug 14 06:45:55 2020"
"ENSG00000286036","ensg00000230606","Fri Aug 14 06:45:55 2020"
"CNNM4","ensg00000230606","Fri Aug 14 06:45:55 2020"
"LMAN2L","ensg00000230606","Fri Aug 14 06:45:55 2020"
"KANSL3","ensg00000230606","Fri Aug 14 06:45:55 2020"
"UBTFL6","ensg00000230606","Fri Aug 14 06:45:55 2020"
"GPAT2P2","ensg00000230606","Fri Aug 14 06:45:55 2020"
"HSALNG0017168","ensg00000230606","Fri Aug 14 06:45:55 2020"
"piR-57014-003","ensg00000230606","Fri Aug 14 06:45:55 2020"
"HLA-DQB2","ensg00000232629","Fri Aug 14 06:45:38 2020"
"UICLM","ensg00000233392","Fri Aug 14 06:45:50 2020"
"SMG1P1","ensg00000237296","Fri Aug 14 06:45:50 2020"
"HLA-DQA2","ensg00000237541","Fri Aug 14 06:45:39 2020"
"HBB","ensg00000244734","Fri Aug 14 06:46:07 2020"
"DDX11L9","ensg00000248472","Fri Aug 14 06:45:45 2020"
"GYPB","ensg00000250361","Fri Aug 14 06:46:21 2020"
"ENSG00000253632","ensg00000253632","Fri Aug 14 06:46:02 2020"
"DUSP4","ensg00000253632","Fri Aug 14 06:46:02 2020"
"SARAF","ensg00000253632","Fri Aug 14 06:46:02 2020"
"LOC105379350","ensg00000253632","Fri Aug 14 06:46:02 2020"
"RNU6-1218P","ensg00000253632","Fri Aug 14 06:46:02 2020"
"LOC107986935","ensg00000253632","Fri Aug 14 06:46:02 2020"
"lnc-DUSP4-3","ensg00000253632","Fri Aug 14 06:46:02 2020"
"lnc-DUSP4-8","ensg00000253632","Fri Aug 14 06:46:02 2020"
"KIF13B","ensg00000253632","Fri Aug 14 06:46:02 2020"
"ENSG00000253182","ensg00000253632","Fri Aug 14 06:46:02 2020"
"piR-38344-131","ensg00000253632","Fri Aug 14 06:46:02 2020"
"EXTL3-AS1","ensg00000253632","Fri Aug 14 06:46:02 2020"
"RF00017-6929","ensg00000253632","Fri Aug 14 06:46:02 2020"
"LOC107986883","ensg00000253632","Fri Aug 14 06:46:02 2020"
"INTS9","ensg00000253632","Fri Aug 14 06:46:02 2020"
"ENSG00000259366","ensg00000253632","Fri Aug 14 06:46:02 2020"
"LINC02395","ensg00000257771","Fri Aug 14 06:46:10 2020"
"ENSG00000258763","ensg00000258763","Fri Aug 14 06:46:04 2020"
"OR6C70","ensg00000258763","Fri Aug 14 06:46:04 2020"
"OR6C68","ensg00000258763","Fri Aug 14 06:46:04 2020"
"OR6C2","ensg00000258763","Fri Aug 14 06:46:04 2020"
"piR-55361-124","ensg00000258763","Fri Aug 14 06:46:04 2020"
"MMP19","ensg00000258763","Fri Aug 14 06:46:04 2020"
"MIP","ensg00000258763","Fri Aug 14 06:46:04 2020"
"APOF","ensg00000258763","Fri Aug 14 06:46:04 2020"
"OR6C4","ensg00000258763","Fri Aug 14 06:46:04 2020"
"OR10A7","ensg00000258763","Fri Aug 14 06:46:04 2020"
"ENSG00000257303","ensg00000258763","Fri Aug 14 06:46:04 2020"
"piR-48553-085","ensg00000258763","Fri Aug 14 06:46:04 2020"
"piR-56759-126","ensg00000258763","Fri Aug 14 06:46:04 2020"
"piR-56022-106","ensg00000258763","Fri Aug 14 06:46:04 2020"
"piR-39488-069","ensg00000258763","Fri Aug 14 06:46:04 2020"
"piR-49732-108","ensg00000258763","Fri Aug 14 06:46:04 2020"
"piR-43099-113","ensg00000258763","Fri Aug 14 06:46:04 2020"
"piR-60597-012","ensg00000258763","Fri Aug 14 06:46:04 2020"
"piR-36393-105","ensg00000258763","Fri Aug 14 06:46:04 2020"
"piR-55281-116","ensg00000258763","Fri Aug 14 06:46:04 2020"
"piR-54764-122","ensg00000258763","Fri Aug 14 06:46:04 2020"
"piR-31162-096","ensg00000258763","Fri Aug 14 06:46:04 2020"
"piR-61028-109","ensg00000258763","Fri Aug 14 06:46:04 2020"
"piR-55648-019","ensg00000258763","Fri Aug 14 06:46:04 2020"
"ENSG00000258921","ensg00000258921","Fri Aug 14 06:46:20 2020"
"METTL7B","ensg00000258921","Fri Aug 14 06:46:20 2020"
"OR10P1","ensg00000258921","Fri Aug 14 06:46:20 2020"
"BLOC1S1","ensg00000258921","Fri Aug 14 06:46:20 2020"
"OR10AE3P","ensg00000258921","Fri Aug 14 06:46:20 2020"
"MMP19","ensg00000258921","Fri Aug 14 06:46:20 2020"
"ITGA7","ensg00000258921","Fri Aug 14 06:46:20 2020"
"SMARCC2","ensg00000258921","Fri Aug 14 06:46:20 2020"
"RNF41","ensg00000258921","Fri Aug 14 06:46:20 2020"
"IKZF4","ensg00000258921","Fri Aug 14 06:46:20 2020"
"ZC3H10","ensg00000258921","Fri Aug 14 06:46:20 2020"
"ANKRD52","ensg00000258921","Fri Aug 14 06:46:20 2020"
"PHC1P1","ensg00000258921","Fri Aug 14 06:46:20 2020"
"ENSG00000257740","ensg00000258921","Fri Aug 14 06:46:20 2020"
"PSMB3P1","ensg00000258921","Fri Aug 14 06:46:20 2020"
"BAZ2A","ensg00000258921","Fri Aug 14 06:46:20 2020"
"IL23A","ensg00000258921","Fri Aug 14 06:46:20 2020"
"PAN2","ensg00000258921","Fri Aug 14 06:46:20 2020"
"ORMDL2","ensg00000258921","Fri Aug 14 06:46:20 2020"
"DNAJC14","ensg00000258921","Fri Aug 14 06:46:20 2020"
"PYM1","ensg00000258921","Fri Aug 14 06:46:20 2020"
"TMEM198B","ensg00000258921","Fri Aug 14 06:46:20 2020"
"piR-50308-120","ensg00000258921","Fri Aug 14 06:46:20 2020"
"piR-45471-116","ensg00000258921","Fri Aug 14 06:46:20 2020"
"piR-55654-098","ensg00000258921","Fri Aug 14 06:46:20 2020"
"ENSG00000259820","ensg00000259820","Fri Aug 14 06:45:53 2020"
"ZFAT","ensg00000259820","Fri Aug 14 06:45:53 2020"
"KHDRBS3","ensg00000259820","Fri Aug 14 06:45:53 2020"
"MIR30B","ensg00000259820","Fri Aug 14 06:45:53 2020"
"LOC102723694","ensg00000259820","Fri Aug 14 06:45:53 2020"
"ENSG00000254028","ensg00000259820","Fri Aug 14 06:45:53 2020"
"MIR30D","ensg00000259820","Fri Aug 14 06:45:53 2020"
"lnc-KHDRBS3-16","ensg00000259820","Fri Aug 14 06:45:53 2020"
"NONHSAG051359.2","ensg00000259820","Fri Aug 14 06:45:53 2020"
"piR-51831","ensg00000259820","Fri Aug 14 06:45:53 2020"
"NCRNA00250","ensg00000259820","Fri Aug 14 06:45:53 2020"
"LOC101927845","ensg00000259820","Fri Aug 14 06:45:53 2020"
"piR-61240-288","ensg00000259820","Fri Aug 14 06:45:53 2020"
"piR-44110-086","ensg00000259820","Fri Aug 14 06:45:53 2020"
"lnc-KHDRBS3-15","ensg00000259820","Fri Aug 14 06:45:53 2020"
"ENSG00000279518","ensg00000259820","Fri Aug 14 06:45:53 2020"
"ENSG00000261553","ensg00000261553","Fri Aug 14 06:46:02 2020"
"LMO7","ensg00000261553","Fri Aug 14 06:46:02 2020"
"LMO7-AS1","ensg00000261553","Fri Aug 14 06:46:02 2020"
"piR-38580-079","ensg00000261553","Fri Aug 14 06:46:02 2020"
"LMO7DN","ensg00000261553","Fri Aug 14 06:46:02 2020"
"piR-52368-040","ensg00000261553","Fri Aug 14 06:46:02 2020"
"piR-38352-155","ensg00000261553","Fri Aug 14 06:46:02 2020"
"lnc-COMMD6-4","ensg00000261553","Fri Aug 14 06:46:02 2020"
"UCHL3","ensg00000261553","Fri Aug 14 06:46:02 2020"
"FAM204CP","ensg00000261553","Fri Aug 14 06:46:02 2020"
"lnc-COMMD6-7","ensg00000261553","Fri Aug 14 06:46:02 2020"
"ENSG00000228444","ensg00000261553","Fri Aug 14 06:46:02 2020"
"MN309174-148","ensg00000261553","Fri Aug 14 06:46:02 2020"
"COMMD6","ensg00000261553","Fri Aug 14 06:46:02 2020"
"KU523327-001","ensg00000261553","Fri Aug 14 06:46:02 2020"
"RF00001-103","ensg00000261553","Fri Aug 14 06:46:02 2020"
"lnc-COMMD6-10","ensg00000261553","Fri Aug 14 06:46:02 2020"
"lnc-COMMD6-5","ensg00000261553","Fri Aug 14 06:46:02 2020"
"lnc-COMMD6-1","ensg00000261553","Fri Aug 14 06:46:02 2020"
"LMO7DN-IT1","ensg00000261553","Fri Aug 14 06:46:02 2020"
"lnc-COMMD6-2","ensg00000261553","Fri Aug 14 06:46:02 2020"
"lnc-COMMD6-6","ensg00000261553","Fri Aug 14 06:46:02 2020"
"DGKK","ensg00000274588","Fri Aug 14 06:45:54 2020"
"CCL4L2","ensg00000276070","Fri Aug 14 06:45:56 2020"
"LINC00540","ensg00000276476","Fri Aug 14 06:45:42 2020"
"ENSG00000277856","ensg00000277856","Fri Aug 14 06:46:10 2020"
"IGLL5","ensg00000277856","Fri Aug 14 06:46:10 2020"
"IGLL1","ensg00000277856","Fri Aug 14 06:46:10 2020"
"IGKC","ensg00000277856","Fri Aug 14 06:46:10 2020"
"IGHG1","ensg00000277856","Fri Aug 14 06:46:10 2020"
"IGHM","ensg00000277856","Fri Aug 14 06:46:10 2020"
"IGHA1","ensg00000277856","Fri Aug 14 06:46:10 2020"
"IGHG2","ensg00000277856","Fri Aug 14 06:46:10 2020"
"IGHE","ensg00000277856","Fri Aug 14 06:46:10 2020"
"IGHG3","ensg00000277856","Fri Aug 14 06:46:10 2020"
"IGHG4","ensg00000277856","Fri Aug 14 06:46:10 2020"
"IGLC1","ensg00000277856","Fri Aug 14 06:46:10 2020"
"IGHA2","ensg00000277856","Fri Aug 14 06:46:10 2020"
"IGHD","ensg00000277856","Fri Aug 14 06:46:10 2020"
"IGLC2","ensg00000277856","Fri Aug 14 06:46:10 2020"
"IGHV1-69","ensg00000277856","Fri Aug 14 06:46:10 2020"
"IGHV3-23","ensg00000277856","Fri Aug 14 06:46:10 2020"
"IGHV4-31","ensg00000277856","Fri Aug 14 06:46:10 2020"
"IGLC3","ensg00000277856","Fri Aug 14 06:46:10 2020"
"IGLC7","ensg00000277856","Fri Aug 14 06:46:10 2020"
"IGHV3-48","ensg00000277856","Fri Aug 14 06:46:10 2020"
"IGHV3-7","ensg00000277856","Fri Aug 14 06:46:10 2020"
"IGHV4-34","ensg00000277856","Fri Aug 14 06:46:10 2020"
"IGHV7-81","ensg00000277856","Fri Aug 14 06:46:10 2020"
"TRDC","ensg00000277856","Fri Aug 14 06:46:10 2020"
"ENSG00000278935","ensg00000278935","Fri Aug 14 06:46:09 2020"
"ENSG00000279269","ensg00000279269","Fri Aug 14 06:45:54 2020"
"MTNR1B","ensg00000279269","Fri Aug 14 06:45:54 2020"
"SLC36A4","ensg00000279269","Fri Aug 14 06:45:54 2020"
"ENSG00000255233","ensg00000279269","Fri Aug 14 06:45:54 2020"
"LOC112268080","ensg00000279269","Fri Aug 14 06:45:54 2020"
"RF00017-1003","ensg00000279269","Fri Aug 14 06:45:54 2020"
"ENSG00000233737","ensg00000279269","Fri Aug 14 06:45:54 2020"
"ENSG00000279440","ensg00000279440","Fri Aug 14 06:46:04 2020"
"CRYBB1","ensg00000279440","Fri Aug 14 06:46:04 2020"
"LOC284898","ensg00000279440","Fri Aug 14 06:46:04 2020"
"RNU6-1066P","ensg00000279440","Fri Aug 14 06:46:04 2020"
"RF00026-670","ensg00000279440","Fri Aug 14 06:46:04 2020"
"LOC107985582","ensg00000279440","Fri Aug 14 06:46:04 2020"
"HSALNG0134685","ensg00000279440","Fri Aug 14 06:46:04 2020"
"GATD3B","ensg00000280071","Fri Aug 14 06:45:42 2020"
"IGHV3-64D","ensg00000282639","Fri Aug 14 06:45:51 2020"
"ENSG00000285888","ensg00000285888","Fri Aug 14 06:45:48 2020"
"CPNE5","ensg00000285888","Fri Aug 14 06:45:48 2020"
"C6orf89","ensg00000285888","Fri Aug 14 06:45:48 2020"
"RAB44","ensg00000285888","Fri Aug 14 06:45:48 2020"
"RF00017-5492","ensg00000285888","Fri Aug 14 06:45:48 2020"
"MN298114-202","ensg00000285888","Fri Aug 14 06:45:48 2020"
"RNU1-88P","ensg00000285888","Fri Aug 14 06:45:48 2020"
"GPR166P","ensg00000285888","Fri Aug 14 06:45:48 2020"
"CDKN1A","ensg00000285888","Fri Aug 14 06:45:48 2020"
"PPIL1","ensg00000285888","Fri Aug 14 06:45:48 2020"
"FGD2","ensg00000285888","Fri Aug 14 06:45:48 2020"
"PI16","ensg00000285888","Fri Aug 14 06:45:48 2020"
"LAP3P2","ensg00000285888","Fri Aug 14 06:45:48 2020"
"ENSG00000251864","ensg00000285888","Fri Aug 14 06:45:48 2020"
"piR-55985-169","ensg00000285888","Fri Aug 14 06:45:48 2020"
"MTCH1","ensg00000285888","Fri Aug 14 06:45:48 2020"
"MAPK14","ensg00000285888","Fri Aug 14 06:45:48 2020"
"TBC1D22B","ensg00000285888","Fri Aug 14 06:45:48 2020"
"PIM1","ensg00000285888","Fri Aug 14 06:45:48 2020"
"SRSF3","ensg00000285888","Fri Aug 14 06:45:48 2020"
"ETV7","ensg00000285888","Fri Aug 14 06:45:48 2020"
"PXT1","ensg00000285888","Fri Aug 14 06:45:48 2020"
"ENSG00000287535","ensg00000287535","Fri Aug 14 06:45:44 2020"
"GINS4","ensg00000287535","Fri Aug 14 06:45:44 2020"
"GPAT4","ensg00000287535","Fri Aug 14 06:45:44 2020"
"LOC102723729","ensg00000287535","Fri Aug 14 06:45:44 2020"
"ENSG00000253133","ensg00000287535","Fri Aug 14 06:45:44 2020"
"RF00017-6993","ensg00000287535","Fri Aug 14 06:45:44 2020"
"NKX6-3","ensg00000287535","Fri Aug 14 06:45:44 2020"
"lnc-GPAT4-2","ensg00000287535","Fri Aug 14 06:45:44 2020"
"lnc-GINS4-1","ensg00000287535","Fri Aug 14 06:45:44 2020"
"ENSG00000253389","ensg00000287535","Fri Aug 14 06:45:44 2020"
"ENSG00000287642","ensg00000287642","Fri Aug 14 06:46:05 2020"
"TRIM2","ensg00000287642","Fri Aug 14 06:46:05 2020"
"ARFIP1","ensg00000287642","Fri Aug 14 06:46:05 2020"
"FHDC1","ensg00000287642","Fri Aug 14 06:46:05 2020"
"MIR4453HG","ensg00000287642","Fri Aug 14 06:46:05 2020"
"LOC729870","ensg00000287642","Fri Aug 14 06:46:05 2020"
"piR-58122","ensg00000287642","Fri Aug 14 06:46:05 2020"
"ENSG00000287927","ensg00000287927","Fri Aug 14 06:46:18 2020"
"ATP6V0D2","ensg00000287927","Fri Aug 14 06:46:18 2020"
"LOC101929627","ensg00000287927","Fri Aug 14 06:46:18 2020"
"CA2","ensg00000287927","Fri Aug 14 06:46:18 2020"
"CA3-AS1","ensg00000287927","Fri Aug 14 06:46:18 2020"
"LOC107986954","ensg00000287927","Fri Aug 14 06:46:18 2020"
"CA1","ensg00000287927","Fri Aug 14 06:46:18 2020"
"piR-42694-162","ensg00000287927","Fri Aug 14 06:46:18 2020"
"ENSG00000288524","ensg00000288524","Fri Aug 14 06:46:14 2020"
"GYPC","ensg00000288524","Fri Aug 14 06:46:14 2020"
"LOC105373602","ensg00000288524","Fri Aug 14 06:46:14 2020"
"RNU6-675P","ensg00000288524","Fri Aug 14 06:46:14 2020"
"piR-50357-075","ensg00000288524","Fri Aug 14 06:46:14 2020"
"piR-55110-047","ensg00000288524","Fri Aug 14 06:46:14 2020"
